Path,SteerAngle,Throttle,Brake,Speed,X_Position,Y_Position,Pitch,Yaw,Roll
C:\Users\Daniel\Documents\Documents\RoboND\Project_1\RoboND-Rover-Project\RoboND-Rover-Project-master\dataset\IMG\robocam_2017_05_29_10_32_00_360.jpg,0,0,1,0,99.66999,85.58897,0.0002327601,281.1821,2.875045E-06
C:\Users\Daniel\Documents\Documents\RoboND\Project_1\RoboND-Rover-Project\RoboND-Rover-Project-master\dataset\IMG\robocam_2017_05_29_10_32_00_401.jpg,0,0,0,0,99.66999,85.58897,0.0002327575,281.1821,2.848492E-06
C:\Users\Daniel\Documents\Documents\RoboND\Project_1\RoboND-Rover-Project\RoboND-Rover-Project-master\dataset\IMG\robocam_2017_05_29_10_32_00_469.jpg,0,0,0,0,99.66999,85.58897,0.0002327458,281.1821,2.729001E-06
C:\Users\Daniel\Documents\Documents\RoboND\Project_1\RoboND-Rover-Project\RoboND-Rover-Project-master\dataset\IMG\robocam_2017_05_29_10_32_00_540.jpg,0,0,0,0,99.66999,85.58897,0.0002329322,281.1821,2.442672E-06
C:\Users\Daniel\Documents\Documents\RoboND\Project_1\RoboND-Rover-Project\RoboND-Rover-Project-master\dataset\IMG\robocam_2017_05_29_10_32_00_608.jpg,0,0,0,0,99.66999,85.58897,0.0002326847,281.1821,2.104995E-06
C:\Users\Daniel\Documents\Documents\RoboND\Project_1\RoboND-Rover-Project\RoboND-Rover-Project-master\dataset\IMG\robocam_2017_05_29_10_32_00_674.jpg,0,0,0,0,99.66999,85.58897,0.0002326288,281.1821,1.534095E-06
C:\Users\Daniel\Documents\Documents\RoboND\Project_1\RoboND-Rover-Project\RoboND-Rover-Project-master\dataset\IMG\robocam_2017_05_29_10_32_00_740.jpg,0,0,0,0,99.66999,85.58897,0.0002327945,281.1821,1.035337E-06
C:\Users\Daniel\Documents\Documents\RoboND\Project_1\RoboND-Rover-Project\RoboND-Rover-Project-master\dataset\IMG\robocam_2017_05_29_10_32_00_805.jpg,0,0,0,0,99.66999,85.58897,0.0002329523,281.1821,4.569169E-07
C:\Users\Daniel\Documents\Documents\RoboND\Project_1\RoboND-Rover-Project\RoboND-Rover-Project-master\dataset\IMG\robocam_2017_05_29_10_32_00_874.jpg,0,0,0,0,99.66999,85.58897,0.0002324443,281.1821,-3.512048E-07
C:\Users\Daniel\Documents\Documents\RoboND\Project_1\RoboND-Rover-Project\RoboND-Rover-Project-master\dataset\IMG\robocam_2017_05_29_10_32_00_940.jpg,0,0,0,0,99.66999,85.58897,0.0002323793,281.1821,-1.015043E-06
C:\Users\Daniel\Documents\Documents\RoboND\Project_1\RoboND-Rover-Project\RoboND-Rover-Project-master\dataset\IMG\robocam_2017_05_29_10_32_01_006.jpg,0,0.098598,0,0,99.67003,85.58879,0.004325807,281.1821,-1.441082E-06
C:\Users\Daniel\Documents\Documents\RoboND\Project_1\RoboND-Rover-Project\RoboND-Rover-Project-master\dataset\IMG\robocam_2017_05_29_10_32_01_074.jpg,0,0.2979167,0,0.01872916,99.67026,85.58762,0.02962954,281.2917,-9.34878E-05
C:\Users\Daniel\Documents\Documents\RoboND\Project_1\RoboND-Rover-Project\RoboND-Rover-Project-master\dataset\IMG\robocam_2017_05_29_10_32_01_139.jpg,0,0.4997231,0,0.02555851,99.67092,85.58428,0.1010757,281.3998,-0.0003723409
C:\Users\Daniel\Documents\Documents\RoboND\Project_1\RoboND-Rover-Project\RoboND-Rover-Project-master\dataset\IMG\robocam_2017_05_29_10_32_01_205.jpg,0,0.6973944,0,0.04481392,99.67201,85.57883,0.2118578,281.3739,-0.0002782804
C:\Users\Daniel\Documents\Documents\RoboND\Project_1\RoboND-Rover-Project\RoboND-Rover-Project-master\dataset\IMG\robocam_2017_05_29_10_32_01_271.jpg,0,0.8961371,0,0.09942992,99.67358,85.57104,0.3619944,281.4219,-0.0003457219
C:\Users\Daniel\Documents\Documents\RoboND\Project_1\RoboND-Rover-Project\RoboND-Rover-Project-master\dataset\IMG\robocam_2017_05_29_10_32_01_341.jpg,0,1,0,0.1224286,99.6769,85.5545,0.6449624,281.5316,-0.0005819636
C:\Users\Daniel\Documents\Documents\RoboND\Project_1\RoboND-Rover-Project\RoboND-Rover-Project-master\dataset\IMG\robocam_2017_05_29_10_32_01_408.jpg,0,1,0,0.2058107,99.68036,85.53753,0.8999937,281.73,-0.001914117
C:\Users\Daniel\Documents\Documents\RoboND\Project_1\RoboND-Rover-Project\RoboND-Rover-Project-master\dataset\IMG\robocam_2017_05_29_10_32_01_471.jpg,0,1,0,0.2521813,99.68445,85.51773,1.160503,281.8168,-0.0007318208
C:\Users\Daniel\Documents\Documents\RoboND\Project_1\RoboND-Rover-Project\RoboND-Rover-Project-master\dataset\IMG\robocam_2017_05_29_10_32_01_538.jpg,0,1,0,0.3196613,99.68986,85.49066,1.307699,281.894,-0.004108975
C:\Users\Daniel\Documents\Documents\RoboND\Project_1\RoboND-Rover-Project\RoboND-Rover-Project-master\dataset\IMG\robocam_2017_05_29_10_32_01_607.jpg,0,1,0,0.3858186,99.69396,85.47071,1.171274,281.9252,-0.0002845929
C:\Users\Daniel\Documents\Documents\RoboND\Project_1\RoboND-Rover-Project\RoboND-Rover-Project-master\dataset\IMG\robocam_2017_05_29_10_32_01_674.jpg,0,1,0,0.4444646,99.70089,85.43677,1.091396,281.6843,0.0006353762
C:\Users\Daniel\Documents\Documents\RoboND\Project_1\RoboND-Rover-Project\RoboND-Rover-Project-master\dataset\IMG\robocam_2017_05_29_10_32_01_738.jpg,0,1,0,0.4932573,99.70707,85.40643,1.11124,281.6119,-0.0004983573
C:\Users\Daniel\Documents\Documents\RoboND\Project_1\RoboND-Rover-Project\RoboND-Rover-Project-master\dataset\IMG\robocam_2017_05_29_10_32_01_805.jpg,0,1,0,0.5520817,99.71378,85.37323,1.161064,281.5434,3.853444E-05
C:\Users\Daniel\Documents\Documents\RoboND\Project_1\RoboND-Rover-Project\RoboND-Rover-Project-master\dataset\IMG\robocam_2017_05_29_10_32_01_876.jpg,0,1,0,0.5954539,99.7235,85.32479,1.225721,281.5321,-0.001677529
C:\Users\Daniel\Documents\Documents\RoboND\Project_1\RoboND-Rover-Project\RoboND-Rover-Project-master\dataset\IMG\robocam_2017_05_29_10_32_01_940.jpg,0,1,0,0.6523836,99.73137,85.28559,1.232324,281.463,6.867796E-05
C:\Users\Daniel\Documents\Documents\RoboND\Project_1\RoboND-Rover-Project\RoboND-Rover-Project-master\dataset\IMG\robocam_2017_05_29_10_32_02_005.jpg,0,1,0,0.7093667,99.73964,85.24421,1.19566,281.4026,-0.0002495563
C:\Users\Daniel\Documents\Documents\RoboND\Project_1\RoboND-Rover-Project\RoboND-Rover-Project-master\dataset\IMG\robocam_2017_05_29_10_32_02_074.jpg,0,1,0,0.7718978,99.75167,85.18335,1.203474,281.3252,-0.0006303174
C:\Users\Daniel\Documents\Documents\RoboND\Project_1\RoboND-Rover-Project\RoboND-Rover-Project-master\dataset\IMG\robocam_2017_05_29_10_32_02_139.jpg,0,1,0,0.8117535,99.76131,85.13428,1.213373,281.2109,0.000158664
C:\Users\Daniel\Documents\Documents\RoboND\Project_1\RoboND-Rover-Project\RoboND-Rover-Project-master\dataset\IMG\robocam_2017_05_29_10_32_02_206.jpg,0,1,0,0.8799386,99.77155,85.08175,1.228349,281.2413,-0.001153487
C:\Users\Daniel\Documents\Documents\RoboND\Project_1\RoboND-Rover-Project\RoboND-Rover-Project-master\dataset\IMG\robocam_2017_05_29_10_32_02_269.jpg,0,1,0,0.9421945,99.78231,85.02644,1.231158,281.2406,-0.0008520625
C:\Users\Daniel\Documents\Documents\RoboND\Project_1\RoboND-Rover-Project\RoboND-Rover-Project-master\dataset\IMG\robocam_2017_05_29_10_32_02_335.jpg,0,1,0,0.9847779,99.79749,84.94849,1.215942,281.2312,-0.0008223425
C:\Users\Daniel\Documents\Documents\RoboND\Project_1\RoboND-Rover-Project\RoboND-Rover-Project-master\dataset\IMG\robocam_2017_05_29_10_32_02_409.jpg,0,1,0,1.029162,99.80945,84.88699,1.21335,281.2052,-0.0004958468
C:\Users\Daniel\Documents\Documents\RoboND\Project_1\RoboND-Rover-Project\RoboND-Rover-Project-master\dataset\IMG\robocam_2017_05_29_10_32_02_475.jpg,0,0.8979614,0,1.097301,99.82629,84.80025,1.223839,281.1751,-0.0006073183
C:\Users\Daniel\Documents\Documents\RoboND\Project_1\RoboND-Rover-Project\RoboND-Rover-Project-master\dataset\IMG\robocam_2017_05_29_10_32_02_536.jpg,0,0.7107695,0,1.135611,99.83941,84.73267,1.218043,281.1484,-0.0004539632
C:\Users\Daniel\Documents\Documents\RoboND\Project_1\RoboND-Rover-Project\RoboND-Rover-Project-master\dataset\IMG\robocam_2017_05_29_10_32_02_603.jpg,0,0.5122876,0,1.163245,99.85277,84.66351,1.215597,281.1444,-0.0003567042
C:\Users\Daniel\Documents\Documents\RoboND\Project_1\RoboND-Rover-Project\RoboND-Rover-Project-master\dataset\IMG\robocam_2017_05_29_10_32_02_674.jpg,0,0.3028308,0,1.189169,99.87086,84.56966,1.202965,281.1343,-0.0003041972
C:\Users\Daniel\Documents\Documents\RoboND\Project_1\RoboND-Rover-Project\RoboND-Rover-Project-master\dataset\IMG\robocam_2017_05_29_10_32_02_739.jpg,0,0.2980617,0,1.212035,99.88453,84.49874,1.175014,281.1254,-0.0002942269
C:\Users\Daniel\Documents\Documents\RoboND\Project_1\RoboND-Rover-Project\RoboND-Rover-Project-master\dataset\IMG\robocam_2017_05_29_10_32_02_807.jpg,0,0.4889181,0,1.212274,99.89829,84.42733,1.134298,281.1193,-0.0002999267
C:\Users\Daniel\Documents\Documents\RoboND\Project_1\RoboND-Rover-Project\RoboND-Rover-Project-master\dataset\IMG\robocam_2017_05_29_10_32_02_873.jpg,0,0.6982042,0,1.245949,99.91721,84.32908,1.110528,281.1092,-0.0003871323
C:\Users\Daniel\Documents\Documents\RoboND\Project_1\RoboND-Rover-Project\RoboND-Rover-Project-master\dataset\IMG\robocam_2017_05_29_10_32_02_974.jpg,0,0.8998517,0,1.282522,99.937,84.22627,1.138729,281.0987,-0.0004821171
C:\Users\Daniel\Documents\Documents\RoboND\Project_1\RoboND-Rover-Project\RoboND-Rover-Project-master\dataset\IMG\robocam_2017_05_29_10_32_03_019.jpg,0,1,0,1.337507,99.95257,84.14544,1.202708,281.0913,-0.0005445874
C:\Users\Daniel\Documents\Documents\RoboND\Project_1\RoboND-Rover-Project\RoboND-Rover-Project-master\dataset\IMG\robocam_2017_05_29_10_32_03_086.jpg,0,1,0,1.397296,99.96864,84.06175,1.277623,281.0832,-0.001028146
C:\Users\Daniel\Documents\Documents\RoboND\Project_1\RoboND-Rover-Project\RoboND-Rover-Project-master\dataset\IMG\robocam_2017_05_29_10_32_03_153.jpg,0,1,0,1.445915,99.9906,83.94734,1.286437,281.0714,-0.001214799
C:\Users\Daniel\Documents\Documents\RoboND\Project_1\RoboND-Rover-Project\RoboND-Rover-Project-master\dataset\IMG\robocam_2017_05_29_10_32_03_224.jpg,0,1,0,1.493578,100.0075,83.85889,1.252338,281.0623,-0.0006029214
C:\Users\Daniel\Documents\Documents\RoboND\Project_1\RoboND-Rover-Project\RoboND-Rover-Project-master\dataset\IMG\robocam_2017_05_29_10_32_03_286.jpg,0,1,0,1.557054,100.0251,83.76705,1.255527,281.0506,-0.0008814127
C:\Users\Daniel\Documents\Documents\RoboND\Project_1\RoboND-Rover-Project\RoboND-Rover-Project-master\dataset\IMG\robocam_2017_05_29_10_32_03_352.jpg,0,1,0,1.602292,100.0493,83.64045,1.260345,281.0373,-0.001005495
C:\Users\Daniel\Documents\Documents\RoboND\Project_1\RoboND-Rover-Project\RoboND-Rover-Project-master\dataset\IMG\robocam_2017_05_29_10_32_03_425.jpg,0,0.7965961,0,1.64735,100.068,83.54258,1.261505,281.0254,-0.000992659
C:\Users\Daniel\Documents\Documents\RoboND\Project_1\RoboND-Rover-Project\RoboND-Rover-Project-master\dataset\IMG\robocam_2017_05_29_10_32_03_510.jpg,0,0.5850202,0,1.692226,100.0934,83.40926,1.260669,281.015,-0.0005133757
C:\Users\Daniel\Documents\Documents\RoboND\Project_1\RoboND-Rover-Project\RoboND-Rover-Project-master\dataset\IMG\robocam_2017_05_29_10_32_03_569.jpg,0,0.3481928,0,1.720987,100.1127,83.30793,1.254222,281.0046,-0.0004851396
C:\Users\Daniel\Documents\Documents\RoboND\Project_1\RoboND-Rover-Project\RoboND-Rover-Project-master\dataset\IMG\robocam_2017_05_29_10_32_03_640.jpg,0,0.1435585,0,1.73058,100.1384,83.17268,1.205235,280.9905,-0.0003846167
C:\Users\Daniel\Documents\Documents\RoboND\Project_1\RoboND-Rover-Project\RoboND-Rover-Project-master\dataset\IMG\robocam_2017_05_29_10_32_03_707.jpg,0,0,0,1.730389,100.1575,83.07199,1.126999,280.9801,-0.0002936882
C:\Users\Daniel\Documents\Documents\RoboND\Project_1\RoboND-Rover-Project\RoboND-Rover-Project-master\dataset\IMG\robocam_2017_05_29_10_32_03_771.jpg,0,0,0,1.725541,100.1765,82.97216,1.015189,280.9701,-0.0001901279
C:\Users\Daniel\Documents\Documents\RoboND\Project_1\RoboND-Rover-Project\RoboND-Rover-Project-master\dataset\IMG\robocam_2017_05_29_10_32_03_841.jpg,0,0,0,1.720233,100.2016,82.84019,0.8286045,280.9577,0.0009016125
C:\Users\Daniel\Documents\Documents\RoboND\Project_1\RoboND-Rover-Project\RoboND-Rover-Project-master\dataset\IMG\robocam_2017_05_29_10_32_03_907.jpg,0,0,0,1.713074,100.2203,82.74194,0.670881,280.9516,0.007767192
C:\Users\Daniel\Documents\Documents\RoboND\Project_1\RoboND-Rover-Project\RoboND-Rover-Project-master\dataset\IMG\robocam_2017_05_29_10_32_03_956.jpg,0,0,0,1.711268,100.2391,82.64414,0.5057774,280.9491,0.02116979
C:\Users\Daniel\Documents\Documents\RoboND\Project_1\RoboND-Rover-Project\RoboND-Rover-Project-master\dataset\IMG\robocam_2017_05_29_10_32_04_022.jpg,0,0,0,1.703974,100.2579,82.54676,0.3369484,280.9492,0.03807336
C:\Users\Daniel\Documents\Documents\RoboND\Project_1\RoboND-Rover-Project\RoboND-Rover-Project-master\dataset\IMG\robocam_2017_05_29_10_32_04_088.jpg,0,0.2000902,0,1.699067,100.2767,82.44947,0.1717188,280.9492,0.05274871
C:\Users\Daniel\Documents\Documents\RoboND\Project_1\RoboND-Rover-Project\RoboND-Rover-Project-master\dataset\IMG\robocam_2017_05_29_10_32_04_158.jpg,0,0.4074409,0,1.705853,100.3021,82.31824,-0.001363319,280.9492,0.06858227
C:\Users\Daniel\Documents\Documents\RoboND\Project_1\RoboND-Rover-Project\RoboND-Rover-Project-master\dataset\IMG\robocam_2017_05_29_10_32_04_223.jpg,0,0.6046062,0,1.721119,100.3215,82.21759,359.9286,280.9492,0.07761397
C:\Users\Daniel\Documents\Documents\RoboND\Project_1\RoboND-Rover-Project\RoboND-Rover-Project-master\dataset\IMG\robocam_2017_05_29_10_32_04_288.jpg,0,0.7984267,0,1.755581,100.3415,82.1142,359.9256,280.9492,0.0842458
C:\Users\Daniel\Documents\Documents\RoboND\Project_1\RoboND-Rover-Project\RoboND-Rover-Project-master\dataset\IMG\robocam_2017_05_29_10_32_04_356.jpg,0,0.9984139,0,1.791669,100.3692,81.97086,0.04404851,280.949,0.08950406
C:\Users\Daniel\Documents\Documents\RoboND\Project_1\RoboND-Rover-Project\RoboND-Rover-Project-master\dataset\IMG\robocam_2017_05_29_10_32_04_424.jpg,0,1,0,1.834593,100.3906,81.85898,0.2141113,280.9446,0.08149161
C:\Users\Daniel\Documents\Documents\RoboND\Project_1\RoboND-Rover-Project\RoboND-Rover-Project-master\dataset\IMG\robocam_2017_05_29_10_32_04_489.jpg,0,1,0,1.892737,100.4125,81.74384,0.4233131,280.9349,0.05138756
C:\Users\Daniel\Documents\Documents\RoboND\Project_1\RoboND-Rover-Project\RoboND-Rover-Project-master\dataset\IMG\robocam_2017_05_29_10_32_04_556.jpg,1.501352,0.8999099,0,1.936472,100.4431,81.58575,0.7438682,280.9988,0.00133292
C:\Users\Daniel\Documents\Documents\RoboND\Project_1\RoboND-Rover-Project\RoboND-Rover-Project-master\dataset\IMG\robocam_2017_05_29_10_32_04_622.jpg,4.507328,0.6995115,0,1.974135,100.4689,81.46535,0.9777035,281.3747,0.0006816373
C:\Users\Daniel\Documents\Documents\RoboND\Project_1\RoboND-Rover-Project\RoboND-Rover-Project-master\dataset\IMG\robocam_2017_05_29_10_32_04_690.jpg,4.381853,0.4941993,0,2.008971,100.4968,81.34451,1.176967,282.0033,0.01914491
C:\Users\Daniel\Documents\Documents\RoboND\Project_1\RoboND-Rover-Project\RoboND-Rover-Project-master\dataset\IMG\robocam_2017_05_29_10_32_04_756.jpg,1.433726,0.2976575,0,2.025762,100.5331,81.1836,1.329091,282.4938,-0.003975626
C:\Users\Daniel\Documents\Documents\RoboND\Project_1\RoboND-Rover-Project\RoboND-Rover-Project-master\dataset\IMG\robocam_2017_05_29_10_32_04_821.jpg,0,0.1036687,0,2.036339,100.5595,81.06485,1.292894,282.5788,-0.001656836
C:\Users\Daniel\Documents\Documents\RoboND\Project_1\RoboND-Rover-Project\RoboND-Rover-Project-master\dataset\IMG\robocam_2017_05_29_10_32_04_890.jpg,0,0,0,2.0341,100.5853,80.94724,1.195702,282.5841,-0.0005346588
C:\Users\Daniel\Documents\Documents\RoboND\Project_1\RoboND-Rover-Project\RoboND-Rover-Project-master\dataset\IMG\robocam_2017_05_29_10_32_04_960.jpg,0,0,0,2.02818,100.6194,80.79188,1.012718,282.5715,-0.000225725
C:\Users\Daniel\Documents\Documents\RoboND\Project_1\RoboND-Rover-Project\RoboND-Rover-Project-master\dataset\IMG\robocam_2017_05_29_10_32_05_022.jpg,0,0,0,2.021908,100.6447,80.67627,0.8482316,282.5605,5.714906E-05
C:\Users\Daniel\Documents\Documents\RoboND\Project_1\RoboND-Rover-Project\RoboND-Rover-Project-master\dataset\IMG\robocam_2017_05_29_10_32_05_089.jpg,0,0,0,2.01343,100.6699,80.56129,0.6700253,282.5519,0.005041711
C:\Users\Daniel\Documents\Documents\RoboND\Project_1\RoboND-Rover-Project\RoboND-Rover-Project-master\dataset\IMG\robocam_2017_05_29_10_32_05_156.jpg,0,0,0,2.00699,100.7036,80.4088,0.4238079,282.5468,0.02328782
C:\Users\Daniel\Documents\Documents\RoboND\Project_1\RoboND-Rover-Project\RoboND-Rover-Project-master\dataset\IMG\robocam_2017_05_29_10_32_05_223.jpg,0,0.09930201,0,2.000481,100.7289,80.2948,0.2412416,282.5467,0.04265508
C:\Users\Daniel\Documents\Documents\RoboND\Project_1\RoboND-Rover-Project\RoboND-Rover-Project-master\dataset\IMG\robocam_2017_05_29_10_32_05_289.jpg,0,0.2989514,0,2.000262,100.7543,80.18044,0.07521892,282.5468,0.05973529
C:\Users\Daniel\Documents\Documents\RoboND\Project_1\RoboND-Rover-Project\RoboND-Rover-Project-master\dataset\IMG\robocam_2017_05_29_10_32_05_356.jpg,0,0.4996982,0,2.010771,100.7887,80.02585,359.9175,282.5468,0.07820393
C:\Users\Daniel\Documents\Documents\RoboND\Project_1\RoboND-Rover-Project\RoboND-Rover-Project-master\dataset\IMG\robocam_2017_05_29_10_32_05_419.jpg,0,0.6992456,0,2.029474,100.815,79.90717,359.875,282.5439,0.0818624
C:\Users\Daniel\Documents\Documents\RoboND\Project_1\RoboND-Rover-Project\RoboND-Rover-Project-master\dataset\IMG\robocam_2017_05_29_10_32_05_486.jpg,0,0.5060247,0,2.063083,100.8419,79.786,359.8948,282.5426,0.08295023
C:\Users\Daniel\Documents\Documents\RoboND\Project_1\RoboND-Rover-Project\RoboND-Rover-Project-master\dataset\IMG\robocam_2017_05_29_10_32_05_553.jpg,0,0.3074705,0,2.078602,100.8782,79.62231,359.9698,282.5423,0.08194037
C:\Users\Daniel\Documents\Documents\RoboND\Project_1\RoboND-Rover-Project\RoboND-Rover-Project-master\dataset\IMG\robocam_2017_05_29_10_32_05_623.jpg,0,0.1025601,0,2.086006,100.9056,79.49911,0.03118746,282.5422,0.07941405
C:\Users\Daniel\Documents\Documents\RoboND\Project_1\RoboND-Rover-Project\RoboND-Rover-Project-master\dataset\IMG\robocam_2017_05_29_10_32_05_690.jpg,0,0,0,2.081439,100.9329,79.37644,0.07514165,282.5422,0.07552391
C:\Users\Daniel\Documents\Documents\RoboND\Project_1\RoboND-Rover-Project\RoboND-Rover-Project-master\dataset\IMG\robocam_2017_05_29_10_32_05_756.jpg,0,0,0,2.074628,100.969,79.21411,0.098531,282.5417,0.06716496
C:\Users\Daniel\Documents\Documents\RoboND\Project_1\RoboND-Rover-Project\RoboND-Rover-Project-master\dataset\IMG\robocam_2017_05_29_10_32_05_822.jpg,0,0.1017328,0,2.067831,100.9958,79.09312,0.0956561,282.5411,0.05962595
C:\Users\Daniel\Documents\Documents\RoboND\Project_1\RoboND-Rover-Project\RoboND-Rover-Project-master\dataset\IMG\robocam_2017_05_29_10_32_05_888.jpg,0,0.3014497,0,2.06749,101.0228,78.97205,0.09255379,282.5405,0.05148739
C:\Users\Daniel\Documents\Documents\RoboND\Project_1\RoboND-Rover-Project\RoboND-Rover-Project-master\dataset\IMG\robocam_2017_05_29_10_32_05_958.jpg,0,0.5035275,0,2.077945,101.0589,78.80908,0.1179244,282.5384,0.03696921
C:\Users\Daniel\Documents\Documents\RoboND\Project_1\RoboND-Rover-Project\RoboND-Rover-Project-master\dataset\IMG\robocam_2017_05_29_10_32_06_021.jpg,0,0.3061098,0,2.094287,101.0863,78.68552,0.1584143,282.5357,0.02238543
C:\Users\Daniel\Documents\Documents\RoboND\Project_1\RoboND-Rover-Project\RoboND-Rover-Project-master\dataset\IMG\robocam_2017_05_29_10_32_06_088.jpg,0,0.1080344,0,2.102937,101.1137,78.56171,0.196425,282.5329,0.006314741
C:\Users\Daniel\Documents\Documents\RoboND\Project_1\RoboND-Rover-Project\RoboND-Rover-Project-master\dataset\IMG\robocam_2017_05_29_10_32_06_157.jpg,0,0,0,2.098984,101.1503,78.39758,0.2143919,282.5345,-0.002373144
C:\Users\Daniel\Documents\Documents\RoboND\Project_1\RoboND-Rover-Project\RoboND-Rover-Project-master\dataset\IMG\robocam_2017_05_29_10_32_06_224.jpg,1.522401,0,0,2.09255,101.1781,78.27551,0.2016395,282.6125,0.002298256
C:\Users\Daniel\Documents\Documents\RoboND\Project_1\RoboND-Rover-Project\RoboND-Rover-Project-master\dataset\IMG\robocam_2017_05_29_10_32_06_272.jpg,2.974047,0,0,2.08784,101.1973,78.19478,0.1803823,282.7975,0.02165359
C:\Users\Daniel\Documents\Documents\RoboND\Project_1\RoboND-Rover-Project\RoboND-Rover-Project-master\dataset\IMG\robocam_2017_05_29_10_32_06_339.jpg,6.717357,0,0,2.077388,101.2392,78.03543,0.1031587,283.6126,0.1291251
C:\Users\Daniel\Documents\Documents\RoboND\Project_1\RoboND-Rover-Project\RoboND-Rover-Project-master\dataset\IMG\robocam_2017_05_29_10_32_06_407.jpg,9.713982,0,0,2.06564,101.2737,77.91801,0.01500896,284.5626,0.268795
C:\Users\Daniel\Documents\Documents\RoboND\Project_1\RoboND-Rover-Project\RoboND-Rover-Project-master\dataset\IMG\robocam_2017_05_29_10_32_06_474.jpg,6.733463,0,0,2.057468,101.3219,77.76266,359.9114,285.8128,0.4499239
C:\Users\Daniel\Documents\Documents\RoboND\Project_1\RoboND-Rover-Project\RoboND-Rover-Project-master\dataset\IMG\robocam_2017_05_29_10_32_06_539.jpg,3.747345,0,0,2.050434,101.3582,77.64633,359.8561,286.436,0.5482801
C:\Users\Daniel\Documents\Documents\RoboND\Project_1\RoboND-Rover-Project\RoboND-Rover-Project-master\dataset\IMG\robocam_2017_05_29_10_32_06_606.jpg,0.7186849,0.2019107,0,2.043818,101.3938,77.5296,359.8249,286.7487,0.5950832
C:\Users\Daniel\Documents\Documents\RoboND\Project_1\RoboND-Rover-Project\RoboND-Rover-Project-master\dataset\IMG\robocam_2017_05_29_10_32_06_673.jpg,0,0.4006818,0,2.049227,101.441,77.3724,359.8259,286.8179,0.6061379
C:\Users\Daniel\Documents\Documents\RoboND\Project_1\RoboND-Rover-Project\RoboND-Rover-Project-master\dataset\IMG\robocam_2017_05_29_10_32_06_739.jpg,0,0.1978147,0,2.06027,101.4768,77.25346,359.8557,286.8224,0.5988581
C:\Users\Daniel\Documents\Documents\RoboND\Project_1\RoboND-Rover-Project\RoboND-Rover-Project-master\dataset\IMG\robocam_2017_05_29_10_32_06_805.jpg,0,0,0,2.061624,101.5126,77.13445,359.89,286.8217,0.5763958
C:\Users\Daniel\Documents\Documents\RoboND\Project_1\RoboND-Rover-Project\RoboND-Rover-Project-master\dataset\IMG\robocam_2017_05_29_10_32_06_872.jpg,0,0,0,2.055564,101.5601,76.97666,359.9151,286.8218,0.5333952
C:\Users\Daniel\Documents\Documents\RoboND\Project_1\RoboND-Rover-Project\RoboND-Rover-Project-master\dataset\IMG\robocam_2017_05_29_10_32_06_937.jpg,0,0.09892868,0,2.048754,101.5956,76.85896,359.9201,286.822,0.4920421
C:\Users\Daniel\Documents\Documents\RoboND\Project_1\RoboND-Rover-Project\RoboND-Rover-Project-master\dataset\IMG\robocam_2017_05_29_10_32_07_004.jpg,0,0.2909999,0,2.047205,101.6312,76.74107,359.9309,286.8221,0.4445413
C:\Users\Daniel\Documents\Documents\RoboND\Project_1\RoboND-Rover-Project\RoboND-Rover-Project-master\dataset\IMG\robocam_2017_05_29_10_32_07_072.jpg,0,0.2917549,0,2.059874,101.6791,76.58245,359.9777,286.8221,0.3742485
C:\Users\Daniel\Documents\Documents\RoboND\Project_1\RoboND-Rover-Project\RoboND-Rover-Project-master\dataset\IMG\robocam_2017_05_29_10_32_07_138.jpg,0,0.09173578,0,2.066596,101.7152,76.4631,0.01890893,286.822,0.3182129
C:\Users\Daniel\Documents\Documents\RoboND\Project_1\RoboND-Rover-Project\RoboND-Rover-Project-master\dataset\IMG\robocam_2017_05_29_10_32_07_208.jpg,0,0,0,2.06168,101.7511,76.34427,0.04504028,286.8219,0.2608733
C:\Users\Daniel\Documents\Documents\RoboND\Project_1\RoboND-Rover-Project\RoboND-Rover-Project-master\dataset\IMG\robocam_2017_05_29_10_32_07_273.jpg,0,0,0,2.054909,101.7987,76.18691,0.05080772,286.8219,0.1845735
C:\Users\Daniel\Documents\Documents\RoboND\Project_1\RoboND-Rover-Project\RoboND-Rover-Project-master\dataset\IMG\robocam_2017_05_29_10_32_07_339.jpg,0,0,0,2.048147,101.8342,76.06967,0.03603482,286.822,0.1289359
C:\Users\Daniel\Documents\Documents\RoboND\Project_1\RoboND-Rover-Project\RoboND-Rover-Project-master\dataset\IMG\robocam_2017_05_29_10_32_07_407.jpg,0,0,0,2.039135,101.8695,75.95306,0.007508423,286.822,0.07576271
C:\Users\Daniel\Documents\Documents\RoboND\Project_1\RoboND-Rover-Project\RoboND-Rover-Project-master\dataset\IMG\robocam_2017_05_29_10_32_07_473.jpg,0,0,0,2.032372,101.9163,75.79846,359.9524,286.822,0.01014442
C:\Users\Daniel\Documents\Documents\RoboND\Project_1\RoboND-Rover-Project\RoboND-Rover-Project-master\dataset\IMG\robocam_2017_05_29_10_32_07_538.jpg,0,0,0,2.025602,101.9513,75.68313,359.9017,286.822,359.9658
C:\Users\Daniel\Documents\Documents\RoboND\Project_1\RoboND-Rover-Project\RoboND-Rover-Project-master\dataset\IMG\robocam_2017_05_29_10_32_07_605.jpg,0,0,0,2.016563,101.9861,75.56827,359.8456,286.822,359.9261
C:\Users\Daniel\Documents\Documents\RoboND\Project_1\RoboND-Rover-Project\RoboND-Rover-Project-master\dataset\IMG\robocam_2017_05_29_10_32_07_671.jpg,0,0,0,2.009581,102.021,75.45367,359.8008,286.8274,359.9065
C:\Users\Daniel\Documents\Documents\RoboND\Project_1\RoboND-Rover-Project\RoboND-Rover-Project-master\dataset\IMG\robocam_2017_05_29_10_32_07_740.jpg,0,0,0,2.002623,102.0673,75.30134,359.7493,286.8318,359.8921
C:\Users\Daniel\Documents\Documents\RoboND\Project_1\RoboND-Rover-Project\RoboND-Rover-Project-master\dataset\IMG\robocam_2017_05_29_10_32_07_806.jpg,0,0,0,1.995674,102.1019,75.18745,359.7163,286.8348,359.8907
C:\Users\Daniel\Documents\Documents\RoboND\Project_1\RoboND-Rover-Project\RoboND-Rover-Project-master\dataset\IMG\robocam_2017_05_29_10_32_07_874.jpg,0,0,0,1.986464,102.1478,75.03612,359.6771,286.8364,359.8952
C:\Users\Daniel\Documents\Documents\RoboND\Project_1\RoboND-Rover-Project\RoboND-Rover-Project-master\dataset\IMG\robocam_2017_05_29_10_32_07_940.jpg,0,0.2035273,0,1.980556,102.1823,74.92255,359.6659,286.8401,359.9107
C:\Users\Daniel\Documents\Documents\RoboND\Project_1\RoboND-Rover-Project\RoboND-Rover-Project-master\dataset\IMG\robocam_2017_05_29_10_32_07_983.jpg,0,0.3040441,0,1.98222,102.2054,74.84644,359.6712,286.8404,359.9189
C:\Users\Daniel\Documents\Documents\RoboND\Project_1\RoboND-Rover-Project\RoboND-Rover-Project-master\dataset\IMG\robocam_2017_05_29_10_32_08_038.jpg,0,0.1062638,0,1.98846,102.24,74.73193,359.6911,286.8405,359.9316
C:\Users\Daniel\Documents\Documents\RoboND\Project_1\RoboND-Rover-Project\RoboND-Rover-Project-master\dataset\IMG\robocam_2017_05_29_10_32_08_105.jpg,0,0,0,1.983916,102.2746,74.61769,359.7094,286.8406,359.9445
C:\Users\Daniel\Documents\Documents\RoboND\Project_1\RoboND-Rover-Project\RoboND-Rover-Project-master\dataset\IMG\robocam_2017_05_29_10_32_08_173.jpg,0,0.1035734,0,1.977653,102.3205,74.466,359.7259,286.8405,359.9615
C:\Users\Daniel\Documents\Documents\RoboND\Project_1\RoboND-Rover-Project\RoboND-Rover-Project-master\dataset\IMG\robocam_2017_05_29_10_32_08_240.jpg,0,0.3043261,0,1.976546,102.355,74.35194,359.7502,286.8405,359.9739
C:\Users\Daniel\Documents\Documents\RoboND\Project_1\RoboND-Rover-Project\RoboND-Rover-Project-master\dataset\IMG\robocam_2017_05_29_10_32_08_306.jpg,0,0.1065115,0,1.984416,102.3897,74.23735,359.7893,286.8405,359.9857
C:\Users\Daniel\Documents\Documents\RoboND\Project_1\RoboND-Rover-Project\RoboND-Rover-Project-master\dataset\IMG\robocam_2017_05_29_10_32_08_374.jpg,0,0,0,1.980537,102.4358,74.08506,359.8315,286.8406,7.894106E-05
C:\Users\Daniel\Documents\Documents\RoboND\Project_1\RoboND-Rover-Project\RoboND-Rover-Project-master\dataset\IMG\robocam_2017_05_29_10_32_08_440.jpg,0,0,0,1.974343,102.4701,73.9715,359.8493,286.8406,0.009784198
C:\Users\Daniel\Documents\Documents\RoboND\Project_1\RoboND-Rover-Project\RoboND-Rover-Project-master\dataset\IMG\robocam_2017_05_29_10_32_08_507.jpg,0,0,0,1.965569,102.5043,73.85852,359.8557,286.8406,0.01840851
C:\Users\Daniel\Documents\Documents\RoboND\Project_1\RoboND-Rover-Project\RoboND-Rover-Project-master\dataset\IMG\robocam_2017_05_29_10_32_08_574.jpg,2.934278,0,0,1.958826,102.5513,73.70923,359.8513,287.0954,0.06485948
C:\Users\Daniel\Documents\Documents\RoboND\Project_1\RoboND-Rover-Project\RoboND-Rover-Project-master\dataset\IMG\robocam_2017_05_29_10_32_08_639.jpg,3.0069,0,0,1.951228,102.588,73.59824,359.8477,287.4836,0.1217632
C:\Users\Daniel\Documents\Documents\RoboND\Project_1\RoboND-Rover-Project\RoboND-Rover-Project-master\dataset\IMG\robocam_2017_05_29_10_32_08_706.jpg,0.0213334,0,0,1.942523,102.6239,73.48746,359.8429,287.6886,0.1511747
C:\Users\Daniel\Documents\Documents\RoboND\Project_1\RoboND-Rover-Project\RoboND-Rover-Project-master\dataset\IMG\robocam_2017_05_29_10_32_08_772.jpg,0,0,0,1.935934,102.6708,73.3402,359.8297,287.7242,0.1595729
C:\Users\Daniel\Documents\Documents\RoboND\Project_1\RoboND-Rover-Project\RoboND-Rover-Project-master\dataset\IMG\robocam_2017_05_29_10_32_08_839.jpg,0,0,0,1.929334,102.7058,73.23026,359.8162,287.7249,0.1576334
C:\Users\Daniel\Documents\Documents\RoboND\Project_1\RoboND-Rover-Project\RoboND-Rover-Project-master\dataset\IMG\robocam_2017_05_29_10_32_08_905.jpg,0,0,0,1.920589,102.7408,73.12074,359.7999,287.7244,0.1512055
C:\Users\Daniel\Documents\Documents\RoboND\Project_1\RoboND-Rover-Project\RoboND-Rover-Project-master\dataset\IMG\robocam_2017_05_29_10_32_08_974.jpg,0,0,0,1.914099,102.7871,72.97532,359.7768,287.722,0.1325407
C:\Users\Daniel\Documents\Documents\RoboND\Project_1\RoboND-Rover-Project\RoboND-Rover-Project-master\dataset\IMG\robocam_2017_05_29_10_32_09_038.jpg,0,0,0,1.907564,102.8218,72.86671,359.7576,287.7205,0.1144245
C:\Users\Daniel\Documents\Documents\RoboND\Project_1\RoboND-Rover-Project\RoboND-Rover-Project-master\dataset\IMG\robocam_2017_05_29_10_32_09_106.jpg,0,0.1061216,0,1.898859,102.8563,72.75846,359.7394,287.7195,0.09345478
C:\Users\Daniel\Documents\Documents\RoboND\Project_1\RoboND-Rover-Project\RoboND-Rover-Project-master\dataset\IMG\robocam_2017_05_29_10_32_09_173.jpg,0,0.1047254,0,1.899688,102.9025,72.61386,359.7312,287.7195,0.06629437
C:\Users\Daniel\Documents\Documents\RoboND\Project_1\RoboND-Rover-Project\RoboND-Rover-Project-master\dataset\IMG\robocam_2017_05_29_10_32_09_239.jpg,0,0,0,1.897491,102.9372,72.50558,359.7276,287.7195,0.04649027
C:\Users\Daniel\Documents\Documents\RoboND\Project_1\RoboND-Rover-Project\RoboND-Rover-Project-master\dataset\IMG\robocam_2017_05_29_10_32_09_304.jpg,0,0,0,1.889317,102.9716,72.39765,359.724,287.7177,0.02277885
C:\Users\Daniel\Documents\Documents\RoboND\Project_1\RoboND-Rover-Project\RoboND-Rover-Project-master\dataset\IMG\robocam_2017_05_29_10_32_09_368.jpg,0,0,0,1.882851,103.006,72.29015,359.7178,287.7172,0.0008469536
C:\Users\Daniel\Documents\Documents\RoboND\Project_1\RoboND-Rover-Project\RoboND-Rover-Project-master\dataset\IMG\robocam_2017_05_29_10_32_09_439.jpg,0,0,0,1.876485,103.0517,72.14745,359.7074,287.7193,359.9798
C:\Users\Daniel\Documents\Documents\RoboND\Project_1\RoboND-Rover-Project\RoboND-Rover-Project-master\dataset\IMG\robocam_2017_05_29_10_32_09_505.jpg,0,0.2106988,0,1.87053,103.0859,72.04051,359.7086,287.7206,359.9699
C:\Users\Daniel\Documents\Documents\RoboND\Project_1\RoboND-Rover-Project\RoboND-Rover-Project-master\dataset\IMG\robocam_2017_05_29_10_32_09_573.jpg,0,0.2101904,0,1.87701,103.1319,71.8969,359.7416,287.7208,359.958
C:\Users\Daniel\Documents\Documents\RoboND\Project_1\RoboND-Rover-Project\RoboND-Rover-Project-master\dataset\IMG\robocam_2017_05_29_10_32_09_639.jpg,0,0.006712884,0,1.880094,103.1664,71.78902,359.7737,287.7208,359.951
C:\Users\Daniel\Documents\Documents\RoboND\Project_1\RoboND-Rover-Project\RoboND-Rover-Project-master\dataset\IMG\robocam_2017_05_29_10_32_09_708.jpg,0,0,0,1.872687,103.2007,71.6816,359.7969,287.7208,359.9456
C:\Users\Daniel\Documents\Documents\RoboND\Project_1\RoboND-Rover-Project\RoboND-Rover-Project-master\dataset\IMG\robocam_2017_05_29_10_32_09_779.jpg,0,0,0,1.866419,103.2463,71.53916,359.8161,287.722,359.9442
C:\Users\Daniel\Documents\Documents\RoboND\Project_1\RoboND-Rover-Project\RoboND-Rover-Project-master\dataset\IMG\robocam_2017_05_29_10_32_09_838.jpg,-2.965673,0,0,1.859914,103.2788,71.43246,359.8213,287.5131,359.9119
C:\Users\Daniel\Documents\Documents\RoboND\Project_1\RoboND-Rover-Project\RoboND-Rover-Project-master\dataset\IMG\robocam_2017_05_29_10_32_09_905.jpg,-2.949656,0,0,1.852764,103.3101,71.32581,359.8269,287.1394,359.864
C:\Users\Daniel\Documents\Documents\RoboND\Project_1\RoboND-Rover-Project\RoboND-Rover-Project-master\dataset\IMG\robocam_2017_05_29_10_32_09_974.jpg,0,0,0,1.844431,103.3526,71.18456,359.8291,286.9378,359.842
C:\Users\Daniel\Documents\Documents\RoboND\Project_1\RoboND-Rover-Project\RoboND-Rover-Project-master\dataset\IMG\robocam_2017_05_29_10_32_10_038.jpg,0,0,0,1.838228,103.3847,71.07924,359.8259,286.9249,359.8441
C:\Users\Daniel\Documents\Documents\RoboND\Project_1\RoboND-Rover-Project\RoboND-Rover-Project-master\dataset\IMG\robocam_2017_05_29_10_32_10_106.jpg,0,0,0,1.829941,103.4167,70.97436,359.8174,286.9243,359.8502
C:\Users\Daniel\Documents\Documents\RoboND\Project_1\RoboND-Rover-Project\RoboND-Rover-Project-master\dataset\IMG\robocam_2017_05_29_10_32_10_173.jpg,0,0.2009945,0,1.826316,103.4593,70.8346,359.8132,286.9247,359.8641
C:\Users\Daniel\Documents\Documents\RoboND\Project_1\RoboND-Rover-Project\RoboND-Rover-Project-master\dataset\IMG\robocam_2017_05_29_10_32_10_240.jpg,0,0.4033852,0,1.831002,103.4915,70.7289,359.8345,286.9248,359.8763
C:\Users\Daniel\Documents\Documents\RoboND\Project_1\RoboND-Rover-Project\RoboND-Rover-Project-master\dataset\IMG\robocam_2017_05_29_10_32_10_302.jpg,0,0.207244,0,1.846013,103.524,70.62222,359.8795,286.9248,359.8899
C:\Users\Daniel\Documents\Documents\RoboND\Project_1\RoboND-Rover-Project\RoboND-Rover-Project-master\dataset\IMG\robocam_2017_05_29_10_32_10_369.jpg,0,0.01580448,0,1.847735,103.5565,70.5154,359.926,286.9249,359.9044
C:\Users\Daniel\Documents\Documents\RoboND\Project_1\RoboND-Rover-Project\RoboND-Rover-Project-master\dataset\IMG\robocam_2017_05_29_10_32_10_441.jpg,0,0,0,1.842677,103.5996,70.37376,359.9669,286.9249,359.9248
C:\Users\Daniel\Documents\Documents\RoboND\Project_1\RoboND-Rover-Project\RoboND-Rover-Project-master\dataset\IMG\robocam_2017_05_29_10_32_10_508.jpg,0,0,0,1.834569,103.6317,70.26825,359.9797,286.9249,359.9402
C:\Users\Daniel\Documents\Documents\RoboND\Project_1\RoboND-Rover-Project\RoboND-Rover-Project-master\dataset\IMG\robocam_2017_05_29_10_32_10_573.jpg,0,0.1977981,0,1.831156,103.6744,70.12788,359.9884,286.9249,359.9604
C:\Users\Daniel\Documents\Documents\RoboND\Project_1\RoboND-Rover-Project\RoboND-Rover-Project-master\dataset\IMG\robocam_2017_05_29_10_32_10_639.jpg,0,0,0,1.833195,103.7064,70.02266,359.9933,286.9249,359.9749
C:\Users\Daniel\Documents\Documents\RoboND\Project_1\RoboND-Rover-Project\RoboND-Rover-Project-master\dataset\IMG\robocam_2017_05_29_10_32_10_707.jpg,0,0,0,1.825849,103.7382,69.91798,359.9854,286.9249,359.9886
C:\Users\Daniel\Documents\Documents\RoboND\Project_1\RoboND-Rover-Project\RoboND-Rover-Project-master\dataset\IMG\robocam_2017_05_29_10_32_10_773.jpg,0,0,0,1.819801,103.7804,69.77924,359.9574,286.9249,0.005323124
C:\Users\Daniel\Documents\Documents\RoboND\Project_1\RoboND-Rover-Project\RoboND-Rover-Project-master\dataset\IMG\robocam_2017_05_29_10_32_10_838.jpg,0,0.1078081,0,1.813755,103.8119,69.67565,359.9286,286.9249,0.0164179
C:\Users\Daniel\Documents\Documents\RoboND\Project_1\RoboND-Rover-Project\RoboND-Rover-Project-master\dataset\IMG\robocam_2017_05_29_10_32_10_905.jpg,0,0.2983754,0,1.813379,103.8435,69.57169,359.9118,286.9249,0.02617559
C:\Users\Daniel\Documents\Documents\RoboND\Project_1\RoboND-Rover-Project\RoboND-Rover-Project-master\dataset\IMG\robocam_2017_05_29_10_32_10_974.jpg,0,0.2932672,0,1.827468,103.8862,69.43141,359.931,286.9249,0.03697253
C:\Users\Daniel\Documents\Documents\RoboND\Project_1\RoboND-Rover-Project\RoboND-Rover-Project-master\dataset\IMG\robocam_2017_05_29_10_32_11_039.jpg,0,0.09580689,0,1.834925,103.9183,69.32564,359.958,286.9249,0.04337039
C:\Users\Daniel\Documents\Documents\RoboND\Project_1\RoboND-Rover-Project\RoboND-Rover-Project-master\dataset\IMG\robocam_2017_05_29_10_32_11_106.jpg,0,0.2975315,0,1.836316,103.9506,69.2197,359.9873,286.9249,0.04831144
C:\Users\Daniel\Documents\Documents\RoboND\Project_1\RoboND-Rover-Project\RoboND-Rover-Project-master\dataset\IMG\robocam_2017_05_29_10_32_11_172.jpg,0,0.1019319,0,1.841614,103.9936,69.07801,0.03322913,286.9249,0.05269493
C:\Users\Daniel\Documents\Documents\RoboND\Project_1\RoboND-Rover-Project\RoboND-Rover-Project-master\dataset\IMG\robocam_2017_05_29_10_32_11_239.jpg,0,0.1033648,0,1.83962,104.0259,68.97206,0.05593304,286.9244,0.05325019
C:\Users\Daniel\Documents\Documents\RoboND\Project_1\RoboND-Rover-Project\RoboND-Rover-Project-master\dataset\IMG\robocam_2017_05_29_10_32_11_305.jpg,0,0.3045442,0,1.840848,104.0581,68.86601,0.07613511,286.9231,0.05018485
C:\Users\Daniel\Documents\Documents\RoboND\Project_1\RoboND-Rover-Project\RoboND-Rover-Project-master\dataset\IMG\robocam_2017_05_29_10_32_11_371.jpg,0,0.1102519,0,1.846675,104.0904,68.75964,0.09914164,286.9217,0.04456633
C:\Users\Daniel\Documents\Documents\RoboND\Project_1\RoboND-Rover-Project\RoboND-Rover-Project-master\dataset\IMG\robocam_2017_05_29_10_32_11_440.jpg,0,0.1109927,0,1.843484,104.1333,68.61829,0.1120215,286.9202,0.03595837
C:\Users\Daniel\Documents\Documents\RoboND\Project_1\RoboND-Rover-Project\RoboND-Rover-Project-master\dataset\IMG\robocam_2017_05_29_10_32_11_511.jpg,0,0.317656,0,1.845366,104.1655,68.51219,0.1203135,286.9189,0.02861092
C:\Users\Daniel\Documents\Documents\RoboND\Project_1\RoboND-Rover-Project\RoboND-Rover-Project-master\dataset\IMG\robocam_2017_05_29_10_32_11_574.jpg,0,0.1242905,0,1.851342,104.2086,68.37021,0.1362507,286.9167,0.01734775
C:\Users\Daniel\Documents\Documents\RoboND\Project_1\RoboND-Rover-Project\RoboND-Rover-Project-master\dataset\IMG\robocam_2017_05_29_10_32_11_640.jpg,0,0,0,1.850357,104.2408,68.26408,0.1360396,286.9154,0.009655256
C:\Users\Daniel\Documents\Documents\RoboND\Project_1\RoboND-Rover-Project\RoboND-Rover-Project-master\dataset\IMG\robocam_2017_05_29_10_32_11_707.jpg,0,0.1987083,0,1.845271,104.273,68.15828,0.1263152,286.9147,0.003431575
C:\Users\Daniel\Documents\Documents\RoboND\Project_1\RoboND-Rover-Project\RoboND-Rover-Project-master\dataset\IMG\robocam_2017_05_29_10_32_11_773.jpg,0,0.2054105,0,1.8517,104.3161,68.01654,0.1256442,286.9153,-0.0007097444
C:\Users\Daniel\Documents\Documents\RoboND\Project_1\RoboND-Rover-Project\RoboND-Rover-Project-master\dataset\IMG\robocam_2017_05_29_10_32_11_838.jpg,0,0.01154135,0,1.854837,104.3485,67.91024,0.1216842,286.9166,-0.001529204
C:\Users\Daniel\Documents\Documents\RoboND\Project_1\RoboND-Rover-Project\RoboND-Rover-Project-master\dataset\IMG\robocam_2017_05_29_10_32_11_906.jpg,0,0.2130858,0,1.850954,104.3809,67.80408,0.1125269,286.9177,-0.002521929
C:\Users\Daniel\Documents\Documents\RoboND\Project_1\RoboND-Rover-Project\RoboND-Rover-Project-master\dataset\IMG\robocam_2017_05_29_10_32_11_974.jpg,0,0.4180815,0,1.859465,104.4244,67.66144,0.1217431,286.92,-0.001420267
C:\Users\Daniel\Documents\Documents\RoboND\Project_1\RoboND-Rover-Project\RoboND-Rover-Project-master\dataset\IMG\robocam_2017_05_29_10_32_12_039.jpg,0,0.21957,0,1.872351,104.4573,67.5535,0.1441005,286.9213,-0.0001804837
C:\Users\Daniel\Documents\Documents\RoboND\Project_1\RoboND-Rover-Project\RoboND-Rover-Project-master\dataset\IMG\robocam_2017_05_29_10_32_12_102.jpg,0,0.2184772,0,1.876202,104.4901,67.4454,0.1634271,286.9212,-0.0001703552
C:\Users\Daniel\Documents\Documents\RoboND\Project_1\RoboND-Rover-Project\RoboND-Rover-Project-master\dataset\IMG\robocam_2017_05_29_10_32_12_171.jpg,0,0.4222119,0,1.884897,104.5231,67.33675,0.1883436,286.9204,-0.0001584109
C:\Users\Daniel\Documents\Documents\RoboND\Project_1\RoboND-Rover-Project\RoboND-Rover-Project-master\dataset\IMG\robocam_2017_05_29_10_32_12_240.jpg,0,0.2180885,0,1.896322,104.5675,67.19081,0.2316309,286.9186,-0.0001635957
C:\Users\Daniel\Documents\Documents\RoboND\Project_1\RoboND-Rover-Project\RoboND-Rover-Project-master\dataset\IMG\robocam_2017_05_29_10_32_12_306.jpg,0,0.01765575,0,1.899986,104.6007,67.0814,0.2524894,286.9168,-0.00013323
C:\Users\Daniel\Documents\Documents\RoboND\Project_1\RoboND-Rover-Project\RoboND-Rover-Project-master\dataset\IMG\robocam_2017_05_29_10_32_12_372.jpg,0,0,0,1.894937,104.6446,66.93649,0.2474475,286.9141,-0.0001176951
C:\Users\Daniel\Documents\Documents\RoboND\Project_1\RoboND-Rover-Project\RoboND-Rover-Project-master\dataset\IMG\robocam_2017_05_29_10_32_12_440.jpg,0,0,0,1.888786,104.6773,66.82859,0.2213698,286.9121,-3.718611E-05
C:\Users\Daniel\Documents\Documents\RoboND\Project_1\RoboND-Rover-Project\RoboND-Rover-Project-master\dataset\IMG\robocam_2017_05_29_10_32_12_506.jpg,0,0,0,1.880586,104.7099,66.7213,0.1805374,286.9107,0.001240906
C:\Users\Daniel\Documents\Documents\RoboND\Project_1\RoboND-Rover-Project\RoboND-Rover-Project-master\dataset\IMG\robocam_2017_05_29_10_32_12_572.jpg,0,0,0,1.874431,104.7531,66.57911,0.108185,286.9105,0.006256259
C:\Users\Daniel\Documents\Documents\RoboND\Project_1\RoboND-Rover-Project\RoboND-Rover-Project-master\dataset\IMG\robocam_2017_05_29_10_32_12_639.jpg,0,0,0,1.868264,104.7853,66.47308,0.04214778,286.9105,0.009762233
C:\Users\Daniel\Documents\Documents\RoboND\Project_1\RoboND-Rover-Project\RoboND-Rover-Project-master\dataset\IMG\robocam_2017_05_29_10_32_12_705.jpg,0,0,0,1.860008,104.8174,66.36752,359.9694,286.9106,0.01275495
C:\Users\Daniel\Documents\Documents\RoboND\Project_1\RoboND-Rover-Project\RoboND-Rover-Project-master\dataset\IMG\robocam_2017_05_29_10_32_12_773.jpg,0,0,0,1.853791,104.86,66.2273,359.8725,286.9083,0.01007129
C:\Users\Daniel\Documents\Documents\RoboND\Project_1\RoboND-Rover-Project\RoboND-Rover-Project-master\dataset\IMG\robocam_2017_05_29_10_32_12_839.jpg,0,0,0,1.847425,104.8918,66.12241,359.8083,286.9055,0.0006931013
C:\Users\Daniel\Documents\Documents\RoboND\Project_1\RoboND-Rover-Project\RoboND-Rover-Project-master\dataset\IMG\robocam_2017_05_29_10_32_12_905.jpg,0,0,0,1.83886,104.9236,66.01778,359.753,286.9062,-0.002095127
C:\Users\Daniel\Documents\Documents\RoboND\Project_1\RoboND-Rover-Project\RoboND-Rover-Project-master\dataset\IMG\robocam_2017_05_29_10_32_12_974.jpg,0,0.2019747,0,1.834994,104.9661,65.8781,359.7042,286.9081,0.0009811623
C:\Users\Daniel\Documents\Documents\RoboND\Project_1\RoboND-Rover-Project\RoboND-Rover-Project-master\dataset\IMG\robocam_2017_05_29_10_32_13_039.jpg,0,0.2036908,0,1.839641,104.9982,65.77248,359.6996,286.9072,-0.0005983535
C:\Users\Daniel\Documents\Documents\RoboND\Project_1\RoboND-Rover-Project\RoboND-Rover-Project-master\dataset\IMG\robocam_2017_05_29_10_32_13_107.jpg,0,0.01177956,0,1.842372,105.0303,65.66669,359.7062,286.907,-0.001233032
C:\Users\Daniel\Documents\Documents\RoboND\Project_1\RoboND-Rover-Project\RoboND-Rover-Project-master\dataset\IMG\robocam_2017_05_29_10_32_13_174.jpg,0,0.2187296,0,1.838333,105.0732,65.52561,359.7241,286.907,-0.001868142
C:\Users\Daniel\Documents\Documents\RoboND\Project_1\RoboND-Rover-Project\RoboND-Rover-Project-master\dataset\IMG\robocam_2017_05_29_10_32_13_241.jpg,0,0.216844,0,1.843815,105.1056,65.41909,359.7585,286.907,-0.002250107
C:\Users\Daniel\Documents\Documents\RoboND\Project_1\RoboND-Rover-Project\RoboND-Rover-Project-master\dataset\IMG\robocam_2017_05_29_10_32_13_306.jpg,0,0.01500921,0,1.847234,105.138,65.31241,359.7986,286.907,-0.002552602
C:\Users\Daniel\Documents\Documents\RoboND\Project_1\RoboND-Rover-Project\RoboND-Rover-Project-master\dataset\IMG\robocam_2017_05_29_10_32_13_373.jpg,0,0.2084956,0,1.844968,105.1813,65.17024,359.8516,286.907,-0.002834666
C:\Users\Daniel\Documents\Documents\RoboND\Project_1\RoboND-Rover-Project\RoboND-Rover-Project-master\dataset\IMG\robocam_2017_05_29_10_32_13_440.jpg,0,0.00769306,0,1.847434,105.2137,65.06362,359.8907,286.907,-0.002956162
C:\Users\Daniel\Documents\Documents\RoboND\Project_1\RoboND-Rover-Project\RoboND-Rover-Project-master\dataset\IMG\robocam_2017_05_29_10_32_13_506.jpg,0,0.1008321,0,1.840273,105.2459,64.9575,359.9176,286.907,-0.003007033
C:\Users\Daniel\Documents\Documents\RoboND\Project_1\RoboND-Rover-Project\RoboND-Rover-Project-master\dataset\IMG\robocam_2017_05_29_10_32_13_572.jpg,0,0.2977306,0,1.841314,105.289,64.81575,359.9591,286.907,-0.002975255
C:\Users\Daniel\Documents\Documents\RoboND\Project_1\RoboND-Rover-Project\RoboND-Rover-Project-master\dataset\IMG\robocam_2017_05_29_10_32_13_638.jpg,0,0.09838706,0,1.848243,105.3215,64.70901,-0.002318591,286.907,-0.002884654
C:\Users\Daniel\Documents\Documents\RoboND\Project_1\RoboND-Rover-Project\RoboND-Rover-Project-master\dataset\IMG\robocam_2017_05_29_10_32_13_706.jpg,0,0,0,1.844086,105.3538,64.60271,0.023359,286.907,-0.002743695
C:\Users\Daniel\Documents\Documents\RoboND\Project_1\RoboND-Rover-Project\RoboND-Rover-Project-master\dataset\IMG\robocam_2017_05_29_10_32_13_773.jpg,0,0,0,1.838406,105.3966,64.46192,0.03267745,286.907,-0.002489041
C:\Users\Daniel\Documents\Documents\RoboND\Project_1\RoboND-Rover-Project\RoboND-Rover-Project-master\dataset\IMG\robocam_2017_05_29_10_32_13_836.jpg,0,0,0,1.832353,105.4285,64.35701,0.02263514,286.907,-0.002260835
C:\Users\Daniel\Documents\Documents\RoboND\Project_1\RoboND-Rover-Project\RoboND-Rover-Project-master\dataset\IMG\robocam_2017_05_29_10_32_13_907.jpg,0,0,0,1.826306,105.4602,64.25265,0.000223519,286.907,-0.002006819
C:\Users\Daniel\Documents\Documents\RoboND\Project_1\RoboND-Rover-Project\RoboND-Rover-Project-master\dataset\IMG\robocam_2017_05_29_10_32_13_973.jpg,0,0.100825,0,1.818245,105.5023,64.1142,359.9574,286.907,-0.001643773
C:\Users\Daniel\Documents\Documents\RoboND\Project_1\RoboND-Rover-Project\RoboND-Rover-Project-master\dataset\IMG\robocam_2017_05_29_10_32_14_039.jpg,0,0.08975533,0,1.817662,105.5338,64.01034,359.9294,286.907,-0.001360311
C:\Users\Daniel\Documents\Documents\RoboND\Project_1\RoboND-Rover-Project\RoboND-Rover-Project-master\dataset\IMG\robocam_2017_05_29_10_32_14_105.jpg,0,0,0,1.813256,105.5653,63.90675,359.8982,286.907,-0.001074919
C:\Users\Daniel\Documents\Documents\RoboND\Project_1\RoboND-Rover-Project\RoboND-Rover-Project-master\dataset\IMG\robocam_2017_05_29_10_32_14_172.jpg,0,0.09928185,0,1.807515,105.6072,63.76907,359.8588,286.9073,0.001899985
C:\Users\Daniel\Documents\Documents\RoboND\Project_1\RoboND-Rover-Project\RoboND-Rover-Project-master\dataset\IMG\robocam_2017_05_29_10_32_14_240.jpg,0,0.3034219,0,1.806768,105.6387,63.6654,359.8463,286.9068,0.001753067
C:\Users\Daniel\Documents\Documents\RoboND\Project_1\RoboND-Rover-Project\RoboND-Rover-Project-master\dataset\IMG\robocam_2017_05_29_10_32_14_306.jpg,0,0.1032013,0,1.815349,105.6704,63.56113,359.851,286.9067,0.001864861
C:\Users\Daniel\Documents\Documents\RoboND\Project_1\RoboND-Rover-Project\RoboND-Rover-Project-master\dataset\IMG\robocam_2017_05_29_10_32_14_372.jpg,0,0.1072949,0,1.81189,105.7125,63.42236,359.8551,286.9067,0.00195346
C:\Users\Daniel\Documents\Documents\RoboND\Project_1\RoboND-Rover-Project\RoboND-Rover-Project-master\dataset\IMG\robocam_2017_05_29_10_32_14_440.jpg,0,0.3099807,0,1.812009,105.7443,63.31789,359.8721,286.9058,-0.0009566372
C:\Users\Daniel\Documents\Documents\RoboND\Project_1\RoboND-Rover-Project\RoboND-Rover-Project-master\dataset\IMG\robocam_2017_05_29_10_32_14_506.jpg,0,0.1102756,0,1.820992,105.7762,63.21286,359.9026,286.9057,-0.002783164
C:\Users\Daniel\Documents\Documents\RoboND\Project_1\RoboND-Rover-Project\RoboND-Rover-Project-master\dataset\IMG\robocam_2017_05_29_10_32_14_571.jpg,0,0,0,1.81781,105.808,63.1081,359.9267,286.9056,-0.004362589
C:\Users\Daniel\Documents\Documents\RoboND\Project_1\RoboND-Rover-Project\RoboND-Rover-Project-master\dataset\IMG\robocam_2017_05_29_10_32_14_636.jpg,0,0.1941465,0,1.814698,105.8504,62.96873,359.9513,286.9056,359.9939
C:\Users\Daniel\Documents\Documents\RoboND\Project_1\RoboND-Rover-Project\RoboND-Rover-Project-master\dataset\IMG\robocam_2017_05_29_10_32_14_706.jpg,0,0.1886935,0,1.822037,105.8823,62.86366,359.9815,286.9056,359.9929
C:\Users\Daniel\Documents\Documents\RoboND\Project_1\RoboND-Rover-Project\RoboND-Rover-Project-master\dataset\IMG\robocam_2017_05_29_10_32_14_777.jpg,0,0,0,1.822707,105.9249,62.72363,0.01667065,286.9056,359.9919
C:\Users\Daniel\Documents\Documents\RoboND\Project_1\RoboND-Rover-Project\RoboND-Rover-Project-master\dataset\IMG\robocam_2017_05_29_10_32_14_840.jpg,0,0.1975006,0,1.818435,105.9567,62.61889,0.03426391,286.9056,359.9914
C:\Users\Daniel\Documents\Documents\RoboND\Project_1\RoboND-Rover-Project\RoboND-Rover-Project-master\dataset\IMG\robocam_2017_05_29_10_32_14_905.jpg,0,0.2011948,0,1.826104,105.9887,62.51363,0.06155749,286.9056,359.9911
C:\Users\Daniel\Documents\Documents\RoboND\Project_1\RoboND-Rover-Project\RoboND-Rover-Project-master\dataset\IMG\robocam_2017_05_29_10_32_14_973.jpg,0,0.0009493083,0,1.827456,106.0314,62.37336,0.09055939,286.9056,359.9911
C:\Users\Daniel\Documents\Documents\RoboND\Project_1\RoboND-Rover-Project\RoboND-Rover-Project-master\dataset\IMG\robocam_2017_05_29_10_32_15_041.jpg,0,0.09977489,0,1.822242,106.0632,62.26873,0.09518375,286.906,359.992
C:\Users\Daniel\Documents\Documents\RoboND\Project_1\RoboND-Rover-Project\RoboND-Rover-Project-master\dataset\IMG\robocam_2017_05_29_10_32_15_102.jpg,0,0.299058,0,1.823012,106.0951,62.16398,0.1000088,286.9066,359.9937
C:\Users\Daniel\Documents\Documents\RoboND\Project_1\RoboND-Rover-Project\RoboND-Rover-Project-master\dataset\IMG\robocam_2017_05_29_10_32_15_174.jpg,0,0.1004671,0,1.828705,106.1377,62.02386,0.1119719,286.9082,-0.002429286
C:\Users\Daniel\Documents\Documents\RoboND\Project_1\RoboND-Rover-Project\RoboND-Rover-Project-master\dataset\IMG\robocam_2017_05_29_10_32_15_240.jpg,0,0,0,1.827136,106.1696,61.91914,0.1088749,286.9091,-0.0001371827
C:\Users\Daniel\Documents\Documents\RoboND\Project_1\RoboND-Rover-Project\RoboND-Rover-Project-master\dataset\IMG\robocam_2017_05_29_10_32_15_306.jpg,0,0.2000618,0,1.821672,106.2013,61.81474,0.09712505,286.9091,-3.154465E-05
C:\Users\Daniel\Documents\Documents\RoboND\Project_1\RoboND-Rover-Project\RoboND-Rover-Project-master\dataset\IMG\robocam_2017_05_29_10_32_15_373.jpg,0,0.1998805,0,1.828113,106.2439,61.6748,0.09555436,286.9089,-0.0001161459
C:\Users\Daniel\Documents\Documents\RoboND\Project_1\RoboND-Rover-Project\RoboND-Rover-Project-master\dataset\IMG\robocam_2017_05_29_10_32_15_440.jpg,0,0,0,1.831046,106.2758,61.56982,0.09241838,286.9089,-8.357071E-05
C:\Users\Daniel\Documents\Documents\RoboND\Project_1\RoboND-Rover-Project\RoboND-Rover-Project-master\dataset\IMG\robocam_2017_05_29_10_32_15_507.jpg,0,0.09982348,0,1.823779,106.3075,61.46537,0.07648601,286.9088,-1.636679E-05
C:\Users\Daniel\Documents\Documents\RoboND\Project_1\RoboND-Rover-Project\RoboND-Rover-Project-master\dataset\IMG\robocam_2017_05_29_10_32_15_573.jpg,0,0.2948968,0,1.824923,106.3499,61.32581,0.06216743,286.9088,0.0001719038
C:\Users\Daniel\Documents\Documents\RoboND\Project_1\RoboND-Rover-Project\RoboND-Rover-Project-master\dataset\IMG\robocam_2017_05_29_10_32_15_635.jpg,0,0.1022045,0,1.831771,106.3819,61.22068,0.06039811,286.9087,5.975585E-06
C:\Users\Daniel\Documents\Documents\RoboND\Project_1\RoboND-Rover-Project\RoboND-Rover-Project-master\dataset\IMG\robocam_2017_05_29_10_32_15_707.jpg,0,0,0,1.8298,106.4137,61.11592,0.04935288,286.9087,0.0001563082
C:\Users\Daniel\Documents\Documents\RoboND\Project_1\RoboND-Rover-Project\RoboND-Rover-Project-master\dataset\IMG\robocam_2017_05_29_10_32_15_773.jpg,0,0.2079907,0,1.824969,106.4561,60.97651,0.02848751,286.9087,0.000326646
C:\Users\Daniel\Documents\Documents\RoboND\Project_1\RoboND-Rover-Project\RoboND-Rover-Project-master\dataset\IMG\robocam_2017_05_29_10_32_15_839.jpg,0,0.2046354,0,1.830085,106.488,60.87141,0.02570821,286.9087,0.0004358623
C:\Users\Daniel\Documents\Documents\RoboND\Project_1\RoboND-Rover-Project\RoboND-Rover-Project-master\dataset\IMG\robocam_2017_05_29_10_32_15_906.jpg,0,0.006557643,0,1.832963,106.52,60.76624,0.02381236,286.9087,0.0005241691
C:\Users\Daniel\Documents\Documents\RoboND\Project_1\RoboND-Rover-Project\RoboND-Rover-Project-master\dataset\IMG\robocam_2017_05_29_10_32_15_974.jpg,0,0,0,1.827783,106.5624,60.62674,0.004265688,286.9087,0.0006125491
C:\Users\Daniel\Documents\Documents\RoboND\Project_1\RoboND-Rover-Project\RoboND-Rover-Project-master\dataset\IMG\robocam_2017_05_29_10_32_16_033.jpg,0,0.1017719,0,1.823753,106.5941,60.5225,359.982,286.9087,0.0006590631
C:\Users\Daniel\Documents\Documents\RoboND\Project_1\RoboND-Rover-Project\RoboND-Rover-Project-master\dataset\IMG\robocam_2017_05_29_10_32_16_087.jpg,0,0.2087516,0,1.823869,106.6153,60.45283,359.9723,286.9087,0.0006791973
C:\Users\Daniel\Documents\Documents\RoboND\Project_1\RoboND-Rover-Project\RoboND-Rover-Project-master\dataset\IMG\robocam_2017_05_29_10_32_16_155.jpg,0,0.01130667,0,1.825486,106.6576,60.31348,359.9548,286.9087,0.0006992237
C:\Users\Daniel\Documents\Documents\RoboND\Project_1\RoboND-Rover-Project\RoboND-Rover-Project-master\dataset\IMG\robocam_2017_05_29_10_32_16_224.jpg,0,0,0,1.820571,106.6893,60.20941,359.9352,286.9083,-0.00048919
C:\Users\Daniel\Documents\Documents\RoboND\Project_1\RoboND-Rover-Project\RoboND-Rover-Project-master\dataset\IMG\robocam_2017_05_29_10_32_16_287.jpg,-1.53481,0,0,1.812408,106.7206,60.10572,359.9101,286.8779,-0.004831336
C:\Users\Daniel\Documents\Documents\RoboND\Project_1\RoboND-Rover-Project\RoboND-Rover-Project-master\dataset\IMG\robocam_2017_05_29_10_32_16_356.jpg,-4.386866,0,0,1.805696,106.7595,59.96731,359.8769,286.442,359.9406
C:\Users\Daniel\Documents\Documents\RoboND\Project_1\RoboND-Rover-Project\RoboND-Rover-Project-master\dataset\IMG\robocam_2017_05_29_10_32_16_424.jpg,-7.478548,0,0,1.798185,106.7858,59.86319,359.8577,285.7669,359.8542
C:\Users\Daniel\Documents\Documents\RoboND\Project_1\RoboND-Rover-Project\RoboND-Rover-Project-master\dataset\IMG\robocam_2017_05_29_10_32_16_489.jpg,-4.45371,0,0,1.788388,106.8111,59.75916,359.8446,285.105,359.7682
C:\Users\Daniel\Documents\Documents\RoboND\Project_1\RoboND-Rover-Project\RoboND-Rover-Project-master\dataset\IMG\robocam_2017_05_29_10_32_16_555.jpg,-1.47129,0.198828,0,1.785206,106.8461,59.62059,359.8463,284.6633,359.7097
C:\Users\Daniel\Documents\Documents\RoboND\Project_1\RoboND-Rover-Project\RoboND-Rover-Project-master\dataset\IMG\robocam_2017_05_29_10_32_16_622.jpg,0,0.3971476,0,1.789981,106.8733,59.51598,359.8727,284.6036,359.6993
C:\Users\Daniel\Documents\Documents\RoboND\Project_1\RoboND-Rover-Project\RoboND-Rover-Project-master\dataset\IMG\robocam_2017_05_29_10_32_16_689.jpg,0,0.1961803,0,1.804823,106.9009,59.41043,359.9205,284.5966,359.6973
C:\Users\Daniel\Documents\Documents\RoboND\Project_1\RoboND-Rover-Project\RoboND-Rover-Project-master\dataset\IMG\robocam_2017_05_29_10_32_16_757.jpg,0,0,0,1.805927,106.9377,59.26972,359.9797,284.5956,359.7041
C:\Users\Daniel\Documents\Documents\RoboND\Project_1\RoboND-Rover-Project\RoboND-Rover-Project-master\dataset\IMG\robocam_2017_05_29_10_32_16_822.jpg,0,0.1977436,0,1.801625,106.9651,59.16448,0.01429997,284.5955,359.7156
C:\Users\Daniel\Documents\Documents\RoboND\Project_1\RoboND-Rover-Project\RoboND-Rover-Project-master\dataset\IMG\robocam_2017_05_29_10_32_16_885.jpg,0,0.2029584,0,1.80924,106.9927,59.05874,0.05711428,284.5956,359.7318
C:\Users\Daniel\Documents\Documents\RoboND\Project_1\RoboND-Rover-Project\RoboND-Rover-Project-master\dataset\IMG\robocam_2017_05_29_10_32_16_956.jpg,0,0,0,1.81068,107.0295,58.91797,0.09850973,284.5977,359.7654
C:\Users\Daniel\Documents\Documents\RoboND\Project_1\RoboND-Rover-Project\RoboND-Rover-Project-master\dataset\IMG\robocam_2017_05_29_10_32_17_025.jpg,0,0,0,1.805524,107.0568,58.81309,0.1088839,284.5983,359.7928
C:\Users\Daniel\Documents\Documents\RoboND\Project_1\RoboND-Rover-Project\RoboND-Rover-Project-master\dataset\IMG\robocam_2017_05_29_10_32_17_089.jpg,3.01986,0,0,1.797433,107.0851,58.70912,0.1023059,284.7578,359.8455
C:\Users\Daniel\Documents\Documents\RoboND\Project_1\RoboND-Rover-Project\RoboND-Rover-Project-master\dataset\IMG\robocam_2017_05_29_10_32_17_157.jpg,5.937996,0,0,1.790396,107.1258,58.57251,0.06612647,285.4263,359.9879
C:\Users\Daniel\Documents\Documents\RoboND\Project_1\RoboND-Rover-Project\RoboND-Rover-Project-master\dataset\IMG\robocam_2017_05_29_10_32_17_223.jpg,2.874865,0,0,1.783658,107.1566,58.47083,0.0259016,285.8738,0.09275857
C:\Users\Daniel\Documents\Documents\RoboND\Project_1\RoboND-Rover-Project\RoboND-Rover-Project-master\dataset\IMG\robocam_2017_05_29_10_32_17_289.jpg,0,0.1001577,0,1.776313,107.1863,58.36934,359.9785,286.0587,0.1664722
C:\Users\Daniel\Documents\Documents\RoboND\Project_1\RoboND-Rover-Project\RoboND-Rover-Project-master\dataset\IMG\robocam_2017_05_29_10_32_17_355.jpg,0,0.2960773,0,1.777509,107.2253,58.23307,359.9439,286.0822,0.2205215
C:\Users\Daniel\Documents\Documents\RoboND\Project_1\RoboND-Rover-Project\RoboND-Rover-Project-master\dataset\IMG\robocam_2017_05_29_10_32_17_423.jpg,0,0.2925691,0,1.786869,107.2549,58.12969,359.9528,286.0816,0.248401
C:\Users\Daniel\Documents\Documents\RoboND\Project_1\RoboND-Rover-Project\RoboND-Rover-Project-master\dataset\IMG\robocam_2017_05_29_10_32_17_489.jpg,0,0.09223001,0,1.795505,107.2847,58.02579,359.9753,286.0809,0.2677425
C:\Users\Daniel\Documents\Documents\RoboND\Project_1\RoboND-Rover-Project\RoboND-Rover-Project-master\dataset\IMG\robocam_2017_05_29_10_32_17_556.jpg,1.571112,0,0,1.792142,107.3249,57.8879,-0.005598821,286.1569,0.2919234
C:\Users\Daniel\Documents\Documents\RoboND\Project_1\RoboND-Rover-Project\RoboND-Rover-Project-master\dataset\IMG\robocam_2017_05_29_10_32_17_622.jpg,4.452092,0,0,1.785647,107.3568,57.78574,-0.001644138,286.5105,0.3427887
C:\Users\Daniel\Documents\Documents\RoboND\Project_1\RoboND-Rover-Project\RoboND-Rover-Project-master\dataset\IMG\robocam_2017_05_29_10_32_17_688.jpg,4.413088,0,0,1.775796,107.3904,57.6847,-0.005149662,287.0802,0.4102109
C:\Users\Daniel\Documents\Documents\RoboND\Project_1\RoboND-Rover-Project\RoboND-Rover-Project-master\dataset\IMG\robocam_2017_05_29_10_32_17_758.jpg,1.408783,0.1030602,0,1.77036,107.4341,57.55029,359.9818,287.5051,0.4506676
C:\Users\Daniel\Documents\Documents\RoboND\Project_1\RoboND-Rover-Project\RoboND-Rover-Project-master\dataset\IMG\robocam_2017_05_29_10_32_17_821.jpg,0,0.3101857,0,1.771578,107.4661,57.44893,359.9804,287.5609,0.4444616
C:\Users\Daniel\Documents\Documents\RoboND\Project_1\RoboND-Rover-Project\RoboND-Rover-Project-master\dataset\IMG\robocam_2017_05_29_10_32_17_886.jpg,0,0.2969223,0,1.783207,107.4984,57.34655,0.003069363,287.567,0.4281958
C:\Users\Daniel\Documents\Documents\RoboND\Project_1\RoboND-Rover-Project\RoboND-Rover-Project-master\dataset\IMG\robocam_2017_05_29_10_32_17_957.jpg,1.484019,0.1048664,0,1.789574,107.5421,57.2096,0.03931891,287.6385,0.4016505
C:\Users\Daniel\Documents\Documents\RoboND\Project_1\RoboND-Rover-Project\RoboND-Rover-Project-master\dataset\IMG\robocam_2017_05_29_10_32_18_023.jpg,4.596768,0,0,1.787934,107.5769,57.10817,0.04649708,288.0033,0.4174819
C:\Users\Daniel\Documents\Documents\RoboND\Project_1\RoboND-Rover-Project\RoboND-Rover-Project-master\dataset\IMG\robocam_2017_05_29_10_32_18_089.jpg,7.596539,0,0,1.778598,107.6136,57.00839,0.02816652,288.6508,0.4694629
C:\Users\Daniel\Documents\Documents\RoboND\Project_1\RoboND-Rover-Project\RoboND-Rover-Project-master\dataset\IMG\robocam_2017_05_29_10_32_18_156.jpg,4.601443,0.09880897,0,1.772132,107.6635,56.87667,359.9818,289.4923,0.5346913
C:\Users\Daniel\Documents\Documents\RoboND\Project_1\RoboND-Rover-Project\RoboND-Rover-Project-master\dataset\IMG\robocam_2017_05_29_10_32_18_221.jpg,1.621387,0.2974793,0,1.772131,107.7005,56.77717,359.9651,289.8191,0.5436941
C:\Users\Daniel\Documents\Documents\RoboND\Project_1\RoboND-Rover-Project\RoboND-Rover-Project-master\dataset\IMG\robocam_2017_05_29_10_32_18_289.jpg,0,0.2950639,0,1.786462,107.737,56.67624,359.9755,289.8912,0.5189783
C:\Users\Daniel\Documents\Documents\RoboND\Project_1\RoboND-Rover-Project\RoboND-Rover-Project-master\dataset\IMG\robocam_2017_05_29_10_32_18_358.jpg,2.977674,0.09655237,0,1.792353,107.7875,56.54163,0.002818934,290.1525,0.5089375
C:\Users\Daniel\Documents\Documents\RoboND\Project_1\RoboND-Rover-Project\RoboND-Rover-Project-master\dataset\IMG\robocam_2017_05_29_10_32_18_424.jpg,6.093374,0,0,1.789989,107.8276,56.44223,0.002060809,290.6803,0.5390492
C:\Users\Daniel\Documents\Documents\RoboND\Project_1\RoboND-Rover-Project\RoboND-Rover-Project-master\dataset\IMG\robocam_2017_05_29_10_32_18_490.jpg,3.122562,0,0,1.781373,107.868,56.34364,359.9875,291.1943,0.5620862
C:\Users\Daniel\Documents\Documents\RoboND\Project_1\RoboND-Rover-Project\RoboND-Rover-Project-master\dataset\IMG\robocam_2017_05_29_10_32_18_556.jpg,0.1743112,0,0,1.775709,107.9202,56.2122,359.959,291.4389,0.5319127
C:\Users\Daniel\Documents\Documents\RoboND\Project_1\RoboND-Rover-Project\RoboND-Rover-Project-master\dataset\IMG\robocam_2017_05_29_10_32_18_618.jpg,0,0,0,1.769751,107.9587,56.11391,359.9302,291.4573,0.4851915
C:\Users\Daniel\Documents\Documents\RoboND\Project_1\RoboND-Rover-Project\RoboND-Rover-Project-master\dataset\IMG\robocam_2017_05_29_10_32_18_689.jpg,0,0.1116754,0,1.761829,107.9971,56.01602,359.8974,291.459,0.4317924
C:\Users\Daniel\Documents\Documents\RoboND\Project_1\RoboND-Rover-Project\RoboND-Rover-Project-master\dataset\IMG\robocam_2017_05_29_10_32_18_756.jpg,0,0.3084151,0,1.763531,108.0486,55.88494,359.8756,291.4591,0.3542314
C:\Users\Daniel\Documents\Documents\RoboND\Project_1\RoboND-Rover-Project\RoboND-Rover-Project-master\dataset\IMG\robocam_2017_05_29_10_32_18_822.jpg,1.506472,0.3101525,0,1.773809,108.0882,55.78567,359.8905,291.5334,0.3059382
C:\Users\Daniel\Documents\Documents\RoboND\Project_1\RoboND-Rover-Project\RoboND-Rover-Project-master\dataset\IMG\robocam_2017_05_29_10_32_18_885.jpg,4.361283,0.1198318,0,1.78343,108.1296,55.68652,359.9192,291.843,0.2937852
C:\Users\Daniel\Documents\Documents\RoboND\Project_1\RoboND-Rover-Project\RoboND-Rover-Project-master\dataset\IMG\robocam_2017_05_29_10_32_18_957.jpg,7.450903,0,0,1.779545,108.1882,55.55644,359.946,292.7271,0.3526648
C:\Users\Daniel\Documents\Documents\RoboND\Project_1\RoboND-Rover-Project\RoboND-Rover-Project-master\dataset\IMG\robocam_2017_05_29_10_32_19_023.jpg,4.310759,0,0,1.773039,108.2326,55.4597,359.9588,293.3391,0.3929303
C:\Users\Daniel\Documents\Documents\RoboND\Project_1\RoboND-Rover-Project\RoboND-Rover-Project-master\dataset\IMG\robocam_2017_05_29_10_32_19_088.jpg,1.190792,0.2079978,0,1.768215,108.2764,55.36285,359.9702,293.6825,0.4031754
C:\Users\Daniel\Documents\Documents\RoboND\Project_1\RoboND-Rover-Project\RoboND-Rover-Project-master\dataset\IMG\robocam_2017_05_29_10_32_19_153.jpg,0,0.382853,0,1.774662,108.3339,55.23216,0.005908167,293.7524,0.3721007
C:\Users\Daniel\Documents\Documents\RoboND\Project_1\RoboND-Rover-Project\RoboND-Rover-Project-master\dataset\IMG\robocam_2017_05_29_10_32_19_220.jpg,1.49769,0.1796944,0,1.786004,108.3777,55.13355,0.04717555,293.8294,0.3508867
C:\Users\Daniel\Documents\Documents\RoboND\Project_1\RoboND-Rover-Project\RoboND-Rover-Project-master\dataset\IMG\robocam_2017_05_29_10_32_19_290.jpg,4.67803,0,0,1.787025,108.4231,55.03595,0.0730635,294.1453,0.3562424
C:\Users\Daniel\Documents\Documents\RoboND\Project_1\RoboND-Rover-Project\RoboND-Rover-Project-master\dataset\IMG\robocam_2017_05_29_10_32_19_353.jpg,4.695986,0.198988,0,1.782966,108.486,54.90784,0.07797061,294.9172,0.4070983
C:\Users\Daniel\Documents\Documents\RoboND\Project_1\RoboND-Rover-Project\RoboND-Rover-Project-master\dataset\IMG\robocam_2017_05_29_10_32_19_421.jpg,1.807503,0.3915535,0,1.788209,108.5331,54.81097,0.08759248,295.2645,0.4149512
C:\Users\Daniel\Documents\Documents\RoboND\Project_1\RoboND-Rover-Project\RoboND-Rover-Project-master\dataset\IMG\robocam_2017_05_29_10_32_19_488.jpg,1.833708,0.3898065,0,1.809011,108.58,54.71255,0.1201949,295.39,0.3953733
C:\Users\Daniel\Documents\Documents\RoboND\Project_1\RoboND-Rover-Project\RoboND-Rover-Project-master\dataset\IMG\robocam_2017_05_29_10_32_19_554.jpg,4.78315,0.193177,0,1.819381,108.6458,54.58182,0.1664971,295.8994,0.4119462
C:\Users\Daniel\Documents\Documents\RoboND\Project_1\RoboND-Rover-Project\RoboND-Rover-Project-master\dataset\IMG\robocam_2017_05_29_10_32_19_622.jpg,7.785144,0,0,1.820934,108.6975,54.48568,0.1741986,296.6269,0.4683369
C:\Users\Daniel\Documents\Documents\RoboND\Project_1\RoboND-Rover-Project\RoboND-Rover-Project-master\dataset\IMG\robocam_2017_05_29_10_32_19_687.jpg,7.770619,0.1017542,0,1.810964,108.7511,54.39177,0.1468517,297.5762,0.557366
C:\Users\Daniel\Documents\Documents\RoboND\Project_1\RoboND-Rover-Project\RoboND-Rover-Project-master\dataset\IMG\robocam_2017_05_29_10_32_19_754.jpg,4.808483,0.2992299,0,1.813046,108.8228,54.26658,0.1002666,298.5094,0.6400915
C:\Users\Daniel\Documents\Documents\RoboND\Project_1\RoboND-Rover-Project\RoboND-Rover-Project-master\dataset\IMG\robocam_2017_05_29_10_32_19_821.jpg,4.826936,0.5010718,0,1.823546,108.8774,54.17184,0.08306115,299.0173,0.681273
C:\Users\Daniel\Documents\Documents\RoboND\Project_1\RoboND-Rover-Project\RoboND-Rover-Project-master\dataset\IMG\robocam_2017_05_29_10_32_19_888.jpg,7.847366,0.2997099,0,1.844144,108.9346,54.07738,0.07959231,299.7156,0.745579
C:\Users\Daniel\Documents\Documents\RoboND\Project_1\RoboND-Rover-Project\RoboND-Rover-Project-master\dataset\IMG\robocam_2017_05_29_10_32_19_958.jpg,10.93926,0.3078035,0,1.847754,109.0154,53.95422,0.05798063,301.1284,0.8903827
C:\Users\Daniel\Documents\Documents\RoboND\Project_1\RoboND-Rover-Project\RoboND-Rover-Project-master\dataset\IMG\robocam_2017_05_29_10_32_20_023.jpg,7.976611,0.5053136,0,1.855856,109.0779,53.86219,0.04503279,302.1624,0.9902493
C:\Users\Daniel\Documents\Documents\RoboND\Project_1\RoboND-Rover-Project\RoboND-Rover-Project-master\dataset\IMG\robocam_2017_05_29_10_32_20_085.jpg,7.909695,0.5097746,0,1.884239,109.1418,53.76918,0.04656271,303.0024,1.054607
C:\Users\Daniel\Documents\Documents\RoboND\Project_1\RoboND-Rover-Project\RoboND-Rover-Project-master\dataset\IMG\robocam_2017_05_29_10_32_20_158.jpg,10.89873,0.3105057,0,1.898866,109.2304,53.64754,359.9879,304.4361,1.099271
C:\Users\Daniel\Documents\Documents\RoboND\Project_1\RoboND-Rover-Project\RoboND-Rover-Project-master\dataset\IMG\robocam_2017_05_29_10_32_20_223.jpg,7.719276,0.2928796,0,1.906204,109.2991,53.55651,359.9795,305.4445,1.069479
C:\Users\Daniel\Documents\Documents\RoboND\Project_1\RoboND-Rover-Project\RoboND-Rover-Project-master\dataset\IMG\robocam_2017_05_29_10_32_20_289.jpg,4.747416,0.4910037,0,1.919923,109.3693,53.46485,0.01100384,306.2075,1.015612
C:\Users\Daniel\Documents\Documents\RoboND\Project_1\RoboND-Rover-Project\RoboND-Rover-Project-master\dataset\IMG\robocam_2017_05_29_10_32_20_354.jpg,1.797031,0.2943113,0,1.935147,109.4635,53.34108,0.05726213,306.736,0.8930628
C:\Users\Daniel\Documents\Documents\RoboND\Project_1\RoboND-Rover-Project\RoboND-Rover-Project-master\dataset\IMG\robocam_2017_05_29_10_32_20_422.jpg,0,0.09333578,0,1.942626,109.5338,53.2474,0.09333583,306.827,0.7719911
C:\Users\Daniel\Documents\Documents\RoboND\Project_1\RoboND-Rover-Project\RoboND-Rover-Project-master\dataset\IMG\robocam_2017_05_29_10_32_20_491.jpg,0,0,0,1.938309,109.6037,53.15406,0.1127716,306.8388,0.6437296
C:\Users\Daniel\Documents\Documents\RoboND\Project_1\RoboND-Rover-Project\RoboND-Rover-Project-master\dataset\IMG\robocam_2017_05_29_10_32_20_556.jpg,3.001194,0,0,1.932011,109.6978,53.03172,0.1098548,307.1028,0.5123575
C:\Users\Daniel\Documents\Documents\RoboND\Project_1\RoboND-Rover-Project\RoboND-Rover-Project-master\dataset\IMG\robocam_2017_05_29_10_32_20_619.jpg,6.074547,0,0,1.925274,109.77,52.94241,0.08702714,307.6486,0.4718642
C:\Users\Daniel\Documents\Documents\RoboND\Project_1\RoboND-Rover-Project\RoboND-Rover-Project-master\dataset\IMG\robocam_2017_05_29_10_32_20_686.jpg,5.829391,0,0,1.915175,109.8436,52.85517,0.04801172,308.4164,0.4765727
C:\Users\Daniel\Documents\Documents\RoboND\Project_1\RoboND-Rover-Project\RoboND-Rover-Project-master\dataset\IMG\robocam_2017_05_29_10_32_20_757.jpg,2.596784,0,0,1.909455,109.9408,52.73914,359.9792,309.0729,0.4563463
C:\Users\Daniel\Documents\Documents\RoboND\Project_1\RoboND-Rover-Project\RoboND-Rover-Project-master\dataset\IMG\robocam_2017_05_29_10_32_20_821.jpg,0,0,0,1.903419,110.0125,52.65179,359.9191,309.2141,0.4050903
C:\Users\Daniel\Documents\Documents\RoboND\Project_1\RoboND-Rover-Project\RoboND-Rover-Project-master\dataset\IMG\robocam_2017_05_29_10_32_20_887.jpg,0,0,0,1.894809,110.0837,52.5645,359.8589,309.2308,0.3392224
C:\Users\Daniel\Documents\Documents\RoboND\Project_1\RoboND-Rover-Project\RoboND-Rover-Project-master\dataset\IMG\robocam_2017_05_29_10_32_20_956.jpg,0,0,0,1.888374,110.1783,52.44859,359.7807,309.2319,0.247171
C:\Users\Daniel\Documents\Documents\RoboND\Project_1\RoboND-Rover-Project\RoboND-Rover-Project-master\dataset\IMG\robocam_2017_05_29_10_32_21_023.jpg,0,0,0,1.8819,110.249,52.36199,359.726,309.2314,0.177402
C:\Users\Daniel\Documents\Documents\RoboND\Project_1\RoboND-Rover-Project\RoboND-Rover-Project-master\dataset\IMG\robocam_2017_05_29_10_32_21_089.jpg,0,0,0,1.87338,110.3196,52.27568,359.6727,309.2315,0.1108202
C:\Users\Daniel\Documents\Documents\RoboND\Project_1\RoboND-Rover-Project\RoboND-Rover-Project-master\dataset\IMG\robocam_2017_05_29_10_32_21_153.jpg,0,0,0,1.866917,110.4133,52.16087,359.6143,309.2292,0.02059745
C:\Users\Daniel\Documents\Documents\RoboND\Project_1\RoboND-Rover-Project\RoboND-Rover-Project-master\dataset\IMG\robocam_2017_05_29_10_32_21_223.jpg,1.542792,0,0,1.860427,110.4839,52.07542,359.576,309.3047,359.9722
C:\Users\Daniel\Documents\Documents\RoboND\Project_1\RoboND-Rover-Project\RoboND-Rover-Project-master\dataset\IMG\robocam_2017_05_29_10_32_21_307.jpg,4.656253,0,0,1.851212,110.5802,51.96364,359.5479,309.7947,-0.00207336
C:\Users\Daniel\Documents\Documents\RoboND\Project_1\RoboND-Rover-Project\RoboND-Rover-Project-master\dataset\IMG\robocam_2017_05_29_10_32_21_372.jpg,1.030401,0,0,1.842353,110.6759,51.85209,359.5292,310.1506,0.007730514
C:\Users\Daniel\Documents\Documents\RoboND\Project_1\RoboND-Rover-Project\RoboND-Rover-Project-master\dataset\IMG\robocam_2017_05_29_10_32_21_440.jpg,0,0,0,1.835797,110.7469,51.76812,359.5269,310.1977,359.9898
C:\Users\Daniel\Documents\Documents\RoboND\Project_1\RoboND-Rover-Project\RoboND-Rover-Project-master\dataset\IMG\robocam_2017_05_29_10_32_21_508.jpg,0,0,0,1.827389,110.8177,51.68441,359.5263,310.2036,359.9731
C:\Users\Daniel\Documents\Documents\RoboND\Project_1\RoboND-Rover-Project\RoboND-Rover-Project-master\dataset\IMG\robocam_2017_05_29_10_32_21_575.jpg,2.991291,0,0,1.820694,110.9134,51.57433,359.5422,310.4647,0.01046932
C:\Users\Daniel\Documents\Documents\RoboND\Project_1\RoboND-Rover-Project\RoboND-Rover-Project-master\dataset\IMG\robocam_2017_05_29_10_32_21_636.jpg,5.984396,0,0,1.813631,110.9866,51.4937,359.5567,310.9896,0.0843531
C:\Users\Daniel\Documents\Documents\RoboND\Project_1\RoboND-Rover-Project\RoboND-Rover-Project-master\dataset\IMG\robocam_2017_05_29_10_32_21_707.jpg,8.892078,0,0,1.805095,111.0617,51.4153,359.5826,311.8326,0.2027907
C:\Users\Daniel\Documents\Documents\RoboND\Project_1\RoboND-Rover-Project\RoboND-Rover-Project-master\dataset\IMG\robocam_2017_05_29_10_32_21_774.jpg,9.013536,0.2086378,0,1.794963,111.165,51.31376,359.6464,313.2585,0.4094521
C:\Users\Daniel\Documents\Documents\RoboND\Project_1\RoboND-Rover-Project\RoboND-Rover-Project-master\dataset\IMG\robocam_2017_05_29_10_32_21_838.jpg,6.071312,0.4047861,0,1.799929,111.2436,51.23712,359.7362,314.0909,0.5353526
C:\Users\Daniel\Documents\Documents\RoboND\Project_1\RoboND-Rover-Project\RoboND-Rover-Project-master\dataset\IMG\robocam_2017_05_29_10_32_21_905.jpg,9.040114,0.4034006,0,1.814278,111.3248,51.16123,359.8634,315.0076,0.6842155
C:\Users\Daniel\Documents\Documents\RoboND\Project_1\RoboND-Rover-Project\RoboND-Rover-Project-master\dataset\IMG\robocam_2017_05_29_10_32_21_973.jpg,12.21397,0.1918105,0,1.825641,111.4372,51.06364,0.04183798,316.6494,0.932716
C:\Users\Daniel\Documents\Documents\RoboND\Project_1\RoboND-Rover-Project\RoboND-Rover-Project-master\dataset\IMG\robocam_2017_05_29_10_32_22_040.jpg,15,0.3864951,0,1.826023,111.5233,50.99457,0.09706298,318.194,1.113821
C:\Users\Daniel\Documents\Documents\RoboND\Project_1\RoboND-Rover-Project\RoboND-Rover-Project-master\dataset\IMG\robocam_2017_05_29_10_32_22_106.jpg,12.03257,0.584324,0,1.840097,111.6085,50.9271,0.02106238,319.6983,1.133388
C:\Users\Daniel\Documents\Documents\RoboND\Project_1\RoboND-Rover-Project\RoboND-Rover-Project-master\dataset\IMG\robocam_2017_05_29_10_32_22_172.jpg,9.100421,0.3888477,0,1.864849,111.7258,50.83831,359.9303,321.2554,1.031578
C:\Users\Daniel\Documents\Documents\RoboND\Project_1\RoboND-Rover-Project\RoboND-Rover-Project-master\dataset\IMG\robocam_2017_05_29_10_32_22_240.jpg,6.094819,0.1884742,0,1.877058,111.8163,50.77184,359.9245,322.1069,0.9489551
C:\Users\Daniel\Documents\Documents\RoboND\Project_1\RoboND-Rover-Project\RoboND-Rover-Project-master\dataset\IMG\robocam_2017_05_29_10_32_22_306.jpg,-1.517121,0,0,1.878092,111.9052,50.70311,359.9137,322.2703,0.7901459
C:\Users\Daniel\Documents\Documents\RoboND\Project_1\RoboND-Rover-Project\RoboND-Rover-Project-master\dataset\IMG\robocam_2017_05_29_10_32_22_371.jpg,-4.448164,0,0,1.871245,111.9924,50.63303,359.8871,321.9863,0.5825362
C:\Users\Daniel\Documents\Documents\RoboND\Project_1\RoboND-Rover-Project\RoboND-Rover-Project-master\dataset\IMG\robocam_2017_05_29_10_32_22_440.jpg,-7.462016,0,0,1.862678,112.1053,50.53711,359.8336,321.0869,0.2274515
C:\Users\Daniel\Documents\Documents\RoboND\Project_1\RoboND-Rover-Project\RoboND-Rover-Project-master\dataset\IMG\robocam_2017_05_29_10_32_22_507.jpg,-4.45108,0,0,1.852479,112.1887,50.46469,359.7908,320.4091,359.9571
C:\Users\Daniel\Documents\Documents\RoboND\Project_1\RoboND-Rover-Project\RoboND-Rover-Project-master\dataset\IMG\robocam_2017_05_29_10_32_22_573.jpg,-7.452433,0,0,1.845365,112.2977,50.36683,359.7328,319.4518,359.5813
C:\Users\Daniel\Documents\Documents\RoboND\Project_1\RoboND-Rover-Project\RoboND-Rover-Project-master\dataset\IMG\robocam_2017_05_29_10_32_22_652.jpg,-10.4644,0,0,1.835458,112.4035,50.2657,359.7436,318.0709,359.2183
C:\Users\Daniel\Documents\Documents\RoboND\Project_1\RoboND-Rover-Project\RoboND-Rover-Project-master\dataset\IMG\robocam_2017_05_29_10_32_22_723.jpg,-10.96989,0,0,1.818463,112.4807,50.18755,359.8057,316.8443,358.9692
C:\Users\Daniel\Documents\Documents\RoboND\Project_1\RoboND-Rover-Project\RoboND-Rover-Project-master\dataset\IMG\robocam_2017_05_29_10_32_22_789.jpg,-7.849553,0,0,1.807121,112.5584,50.1085,359.9614,315.8148,358.8477
C:\Users\Daniel\Documents\Documents\RoboND\Project_1\RoboND-Rover-Project\RoboND-Rover-Project-master\dataset\IMG\robocam_2017_05_29_10_32_22_855.jpg,0,0,0,1.80102,112.661,50.00659,0.01073852,315.0952,358.9594
C:\Users\Daniel\Documents\Documents\RoboND\Project_1\RoboND-Rover-Project\RoboND-Rover-Project-master\dataset\IMG\robocam_2017_05_29_10_32_22_922.jpg,2.99666,0,0,1.796276,112.7379,49.93222,359.9687,315.2384,359.1314
C:\Users\Daniel\Documents\Documents\RoboND\Project_1\RoboND-Rover-Project\RoboND-Rover-Project-master\dataset\IMG\robocam_2017_05_29_10_32_22_989.jpg,6.084004,0,0,1.786626,112.8156,49.8596,359.9141,315.7066,359.3481
C:\Users\Daniel\Documents\Documents\RoboND\Project_1\RoboND-Rover-Project\RoboND-Rover-Project-master\dataset\IMG\robocam_2017_05_29_10_32_23_058.jpg,9.050389,0,0,1.777761,112.9215,49.7667,359.8269,316.8174,359.7243
C:\Users\Daniel\Documents\Documents\RoboND\Project_1\RoboND-Rover-Project\RoboND-Rover-Project-master\dataset\IMG\robocam_2017_05_29_10_32_23_121.jpg,12.09923,0,0,1.767791,113.0028,49.70057,359.7553,317.9934,0.07245596
C:\Users\Daniel\Documents\Documents\RoboND\Project_1\RoboND-Rover-Project\RoboND-Rover-Project-master\dataset\IMG\robocam_2017_05_29_10_32_23_185.jpg,14.92661,0,0,1.752338,113.0857,49.63784,359.6826,319.4233,0.4711493
C:\Users\Daniel\Documents\Documents\RoboND\Project_1\RoboND-Rover-Project\RoboND-Rover-Project-master\dataset\IMG\robocam_2017_05_29_10_32_23_257.jpg,15,0,0,1.739039,113.1987,49.55685,359.6933,321.4824,0.9349235
C:\Users\Daniel\Documents\Documents\RoboND\Project_1\RoboND-Rover-Project\RoboND-Rover-Project-master\dataset\IMG\robocam_2017_05_29_10_32_23_322.jpg,13.5173,0,0,1.727647,113.2854,49.49649,359.8324,322.9068,1.1528
C:\Users\Daniel\Documents\Documents\RoboND\Project_1\RoboND-Rover-Project\RoboND-Rover-Project-master\dataset\IMG\robocam_2017_05_29_10_32_23_388.jpg,10.55041,0,0,1.714539,113.3731,49.43626,0.05882691,324.1573,1.202972
C:\Users\Daniel\Documents\Documents\RoboND\Project_1\RoboND-Rover-Project\RoboND-Rover-Project-master\dataset\IMG\robocam_2017_05_29_10_32_23_457.jpg,13.53248,0,0,1.706801,113.4872,49.36364,0.03136516,325.928,1.062166
C:\Users\Daniel\Documents\Documents\RoboND\Project_1\RoboND-Rover-Project\RoboND-Rover-Project-master\dataset\IMG\robocam_2017_05_29_10_32_23_523.jpg,13.4793,0,0,1.70117,113.5741,49.31469,359.9361,327.2847,0.9963943
C:\Users\Daniel\Documents\Documents\RoboND\Project_1\RoboND-Rover-Project\RoboND-Rover-Project-master\dataset\IMG\robocam_2017_05_29_10_32_23_591.jpg,15,0,0,1.690463,113.6626,49.26874,359.8672,328.7791,0.9675498
C:\Users\Daniel\Documents\Documents\RoboND\Project_1\RoboND-Rover-Project\RoboND-Rover-Project-master\dataset\IMG\robocam_2017_05_29_10_32_23_653.jpg,15,0,0,1.682831,113.7826,49.21082,359.8324,330.7999,0.9394627
C:\Users\Daniel\Documents\Documents\RoboND\Project_1\RoboND-Rover-Project\RoboND-Rover-Project-master\dataset\IMG\robocam_2017_05_29_10_32_23_724.jpg,15,0,0,1.674928,113.8741,49.17041,359.838,332.3346,0.9379787
C:\Users\Daniel\Documents\Documents\RoboND\Project_1\RoboND-Rover-Project\RoboND-Rover-Project-master\dataset\IMG\robocam_2017_05_29_10_32_23_789.jpg,15,0,0,1.664726,113.9666,49.1325,359.8683,333.8761,0.9449282
C:\Users\Daniel\Documents\Documents\RoboND\Project_1\RoboND-Rover-Project\RoboND-Rover-Project-master\dataset\IMG\robocam_2017_05_29_10_32_23_855.jpg,15,0,0,1.657147,114.091,49.08623,359.9164,335.9398,0.9878299
C:\Users\Daniel\Documents\Documents\RoboND\Project_1\RoboND-Rover-Project\RoboND-Rover-Project-master\dataset\IMG\robocam_2017_05_29_10_32_23_921.jpg,15,0,0,1.64988,114.185,49.05466,359.9586,337.4859,1.038268
C:\Users\Daniel\Documents\Documents\RoboND\Project_1\RoboND-Rover-Project\RoboND-Rover-Project-master\dataset\IMG\robocam_2017_05_29_10_32_23_989.jpg,15,0,0,1.640011,114.2795,49.02546,0.009919623,339.0233,1.082805
C:\Users\Daniel\Documents\Documents\RoboND\Project_1\RoboND-Rover-Project\RoboND-Rover-Project-master\dataset\IMG\robocam_2017_05_29_10_32_24_055.jpg,15,0,0,1.633308,114.4043,48.99053,359.9918,341.0486,1.09544
C:\Users\Daniel\Documents\Documents\RoboND\Project_1\RoboND-Rover-Project\RoboND-Rover-Project-master\dataset\IMG\robocam_2017_05_29_10_32_24_120.jpg,15,0,0,1.626649,114.4983,48.96747,359.9835,342.5499,1.075642
C:\Users\Daniel\Documents\Documents\RoboND\Project_1\RoboND-Rover-Project\RoboND-Rover-Project-master\dataset\IMG\robocam_2017_05_29_10_32_24_188.jpg,15,0,0,1.61673,114.5925,48.94736,359.9746,344.0601,1.071909
C:\Users\Daniel\Documents\Documents\RoboND\Project_1\RoboND-Rover-Project\RoboND-Rover-Project-master\dataset\IMG\robocam_2017_05_29_10_32_24_256.jpg,15,0,0,1.609805,114.7185,48.92441,359.9776,346.0663,1.068509
C:\Users\Daniel\Documents\Documents\RoboND\Project_1\RoboND-Rover-Project\RoboND-Rover-Project-master\dataset\IMG\robocam_2017_05_29_10_32_24_323.jpg,15,0,0,1.602623,114.8132,48.91009,359.9894,347.5646,1.067064
C:\Users\Daniel\Documents\Documents\RoboND\Project_1\RoboND-Rover-Project\RoboND-Rover-Project-master\dataset\IMG\robocam_2017_05_29_10_32_24_390.jpg,15,0,0,1.593244,114.9077,48.89846,-0.005108021,349.0645,1.079733
C:\Users\Daniel\Documents\Documents\RoboND\Project_1\RoboND-Rover-Project\RoboND-Rover-Project-master\dataset\IMG\robocam_2017_05_29_10_32_24_457.jpg,15,0,0,1.586398,115.0332,48.88657,359.9897,351.0461,1.075319
C:\Users\Daniel\Documents\Documents\RoboND\Project_1\RoboND-Rover-Project\RoboND-Rover-Project-master\dataset\IMG\robocam_2017_05_29_10_32_24_524.jpg,15,0,0,1.579548,115.1272,48.8807,359.9903,352.5269,1.069343
C:\Users\Daniel\Documents\Documents\RoboND\Project_1\RoboND-Rover-Project\RoboND-Rover-Project-master\dataset\IMG\robocam_2017_05_29_10_32_24_589.jpg,15,0,0,1.570388,115.2208,48.87738,359.9867,354.0082,1.074704
C:\Users\Daniel\Documents\Documents\RoboND\Project_1\RoboND-Rover-Project\RoboND-Rover-Project-master\dataset\IMG\robocam_2017_05_29_10_32_24_654.jpg,15,0,0,1.563633,115.3453,48.87662,359.9936,355.9734,1.078666
C:\Users\Daniel\Documents\Documents\RoboND\Project_1\RoboND-Rover-Project\RoboND-Rover-Project-master\dataset\IMG\robocam_2017_05_29_10_32_24_723.jpg,15,0,0,1.556633,115.438,48.87861,359.991,357.4355,1.067879
C:\Users\Daniel\Documents\Documents\RoboND\Project_1\RoboND-Rover-Project\RoboND-Rover-Project-master\dataset\IMG\robocam_2017_05_29_10_32_24_794.jpg,15,0,0,1.547816,115.5608,48.88528,359.9825,359.3821,1.057605
C:\Users\Daniel\Documents\Documents\RoboND\Project_1\RoboND-Rover-Project\RoboND-Rover-Project-master\dataset\IMG\robocam_2017_05_29_10_32_24_843.jpg,15,0,0,1.543343,115.6218,48.89027,359.9824,0.3531036,1.060462
C:\Users\Daniel\Documents\Documents\RoboND\Project_1\RoboND-Rover-Project\RoboND-Rover-Project-master\dataset\IMG\robocam_2017_05_29_10_32_24_906.jpg,15,0,0,1.534349,115.713,48.89961,359.9815,1.810493,1.068229
C:\Users\Daniel\Documents\Documents\RoboND\Project_1\RoboND-Rover-Project\RoboND-Rover-Project-master\dataset\IMG\robocam_2017_05_29_10_32_24_974.jpg,15,0,0,1.527749,115.8336,48.91547,359.9914,3.74382,1.073439
C:\Users\Daniel\Documents\Documents\RoboND\Project_1\RoboND-Rover-Project\RoboND-Rover-Project-master\dataset\IMG\robocam_2017_05_29_10_32_25_041.jpg,15,0,0,1.520905,115.9233,48.9299,0.005894667,5.186317,1.072903
C:\Users\Daniel\Documents\Documents\RoboND\Project_1\RoboND-Rover-Project\RoboND-Rover-Project-master\dataset\IMG\robocam_2017_05_29_10_32_25_105.jpg,15,0,0,1.512613,116.0118,48.94639,359.9909,6.621941,1.064452
C:\Users\Daniel\Documents\Documents\RoboND\Project_1\RoboND-Rover-Project\RoboND-Rover-Project-master\dataset\IMG\robocam_2017_05_29_10_32_25_170.jpg,15,0,0,1.505855,116.0997,48.96521,359.9887,8.053192,1.053585
C:\Users\Daniel\Documents\Documents\RoboND\Project_1\RoboND-Rover-Project\RoboND-Rover-Project-master\dataset\IMG\robocam_2017_05_29_10_32_25_240.jpg,15,0,0,1.499174,116.2154,48.99372,359.9883,9.957695,1.056067
C:\Users\Daniel\Documents\Documents\RoboND\Project_1\RoboND-Rover-Project\RoboND-Rover-Project-master\dataset\IMG\robocam_2017_05_29_10_32_25_306.jpg,15,0,0,1.490485,116.3012,49.01748,359.987,11.38386,1.06219
C:\Users\Daniel\Documents\Documents\RoboND\Project_1\RoboND-Rover-Project\RoboND-Rover-Project-master\dataset\IMG\robocam_2017_05_29_10_32_25_373.jpg,15,0,0,1.484091,116.4141,49.05223,-0.005693443,13.27542,1.065563
C:\Users\Daniel\Documents\Documents\RoboND\Project_1\RoboND-Rover-Project\RoboND-Rover-Project-master\dataset\IMG\robocam_2017_05_29_10_32_25_440.jpg,15,0,0,1.477453,116.4975,49.0804,359.9911,14.68166,1.057425
C:\Users\Daniel\Documents\Documents\RoboND\Project_1\RoboND-Rover-Project\RoboND-Rover-Project-master\dataset\IMG\robocam_2017_05_29_10_32_25_507.jpg,15,0,0,1.469124,116.5796,49.11073,359.9811,16.08742,1.058571
C:\Users\Daniel\Documents\Documents\RoboND\Project_1\RoboND-Rover-Project\RoboND-Rover-Project-master\dataset\IMG\robocam_2017_05_29_10_32_25_574.jpg,15,0,0,1.462841,116.6875,49.15406,359.9788,17.9575,1.060479
C:\Users\Daniel\Documents\Documents\RoboND\Project_1\RoboND-Rover-Project\RoboND-Rover-Project-master\dataset\IMG\robocam_2017_05_29_10_32_25_636.jpg,15,0,0,1.45632,116.7673,49.18871,359.9877,19.35198,1.059708
C:\Users\Daniel\Documents\Documents\RoboND\Project_1\RoboND-Rover-Project\RoboND-Rover-Project-master\dataset\IMG\robocam_2017_05_29_10_32_25_707.jpg,13.46851,0,0,1.450023,116.846,49.2248,359.9939,20.68131,1.057995
C:\Users\Daniel\Documents\Documents\RoboND\Project_1\RoboND-Rover-Project\RoboND-Rover-Project-master\dataset\IMG\robocam_2017_05_29_10_32_25_773.jpg,10.32641,0,0,1.44425,116.9501,49.27378,-0.004707014,22.13601,1.024608
C:\Users\Daniel\Documents\Documents\RoboND\Project_1\RoboND-Rover-Project\RoboND-Rover-Project-master\dataset\IMG\robocam_2017_05_29_10_32_25_839.jpg,7.300119,0,0,1.440704,117.0277,49.3105,359.986,22.94106,0.9751022
C:\Users\Daniel\Documents\Documents\RoboND\Project_1\RoboND-Rover-Project\RoboND-Rover-Project-master\dataset\IMG\robocam_2017_05_29_10_32_25_905.jpg,4.397041,0,0,1.436911,117.1053,49.34669,359.9666,23.47251,0.8991638
C:\Users\Daniel\Documents\Documents\RoboND\Project_1\RoboND-Rover-Project\RoboND-Rover-Project-master\dataset\IMG\robocam_2017_05_29_10_32_25_974.jpg,1.31439,0,0,1.431171,117.2087,49.39376,359.9272,23.81199,0.7564924
C:\Users\Daniel\Documents\Documents\RoboND\Project_1\RoboND-Rover-Project\RoboND-Rover-Project-master\dataset\IMG\robocam_2017_05_29_10_32_26_041.jpg,0,0,0,1.426273,117.2862,49.42812,359.8896,23.84808,0.6230872
C:\Users\Daniel\Documents\Documents\RoboND\Project_1\RoboND-Rover-Project\RoboND-Rover-Project-master\dataset\IMG\robocam_2017_05_29_10_32_26_105.jpg,0,0,0,1.41988,117.3634,49.46231,359.8494,23.85147,0.4878867
C:\Users\Daniel\Documents\Documents\RoboND\Project_1\RoboND-Rover-Project\RoboND-Rover-Project-master\dataset\IMG\robocam_2017_05_29_10_32_26_169.jpg,0,0,0,1.415084,117.4403,49.49641,359.8084,23.85201,0.3550651
C:\Users\Daniel\Documents\Documents\RoboND\Project_1\RoboND-Rover-Project\RoboND-Rover-Project-master\dataset\IMG\robocam_2017_05_29_10_32_26_240.jpg,0,0,0,1.410261,117.5425,49.54173,359.7549,23.85226,0.1858793
C:\Users\Daniel\Documents\Documents\RoboND\Project_1\RoboND-Rover-Project\RoboND-Rover-Project-master\dataset\IMG\robocam_2017_05_29_10_32_26_306.jpg,0,0,0,1.4038,117.6189,49.57563,359.7172,23.85235,0.06763782
C:\Users\Daniel\Documents\Documents\RoboND\Project_1\RoboND-Rover-Project\RoboND-Rover-Project-master\dataset\IMG\robocam_2017_05_29_10_32_26_371.jpg,0,0,0,1.398939,117.695,49.60944,359.6825,23.85236,359.9587
C:\Users\Daniel\Documents\Documents\RoboND\Project_1\RoboND-Rover-Project\RoboND-Rover-Project-master\dataset\IMG\robocam_2017_05_29_10_32_26_440.jpg,0,0,0,1.394073,117.7962,49.6544,359.6423,23.85233,359.8304
C:\Users\Daniel\Documents\Documents\RoboND\Project_1\RoboND-Rover-Project\RoboND-Rover-Project-master\dataset\IMG\robocam_2017_05_29_10_32_26_506.jpg,0,0,0,1.387216,117.8721,49.68843,359.6386,23.86025,359.7702
C:\Users\Daniel\Documents\Documents\RoboND\Project_1\RoboND-Rover-Project\RoboND-Rover-Project-master\dataset\IMG\robocam_2017_05_29_10_32_26_597.jpg,0,0,0,1.382082,117.9984,49.74469,359.6516,23.86508,359.6964
C:\Users\Daniel\Documents\Documents\RoboND\Project_1\RoboND-Rover-Project\RoboND-Rover-Project-master\dataset\IMG\robocam_2017_05_29_10_32_26_656.jpg,0,0,0,1.375482,118.0739,49.77833,359.6679,23.86752,359.6712
C:\Users\Daniel\Documents\Documents\RoboND\Project_1\RoboND-Rover-Project\RoboND-Rover-Project-master\dataset\IMG\robocam_2017_05_29_10_32_26_724.jpg,0,0,0,1.370571,118.1493,49.8118,359.6871,23.86839,359.6566
C:\Users\Daniel\Documents\Documents\RoboND\Project_1\RoboND-Rover-Project\RoboND-Rover-Project-master\dataset\IMG\robocam_2017_05_29_10_32_26_790.jpg,0,0,0,1.364282,118.2245,49.84521,359.7088,23.87026,359.6548
C:\Users\Daniel\Documents\Documents\RoboND\Project_1\RoboND-Rover-Project\RoboND-Rover-Project-master\dataset\IMG\robocam_2017_05_29_10_32_26_862.jpg,0,0,0,1.359552,118.3242,49.88947,359.7347,23.87051,359.663
C:\Users\Daniel\Documents\Documents\RoboND\Project_1\RoboND-Rover-Project\RoboND-Rover-Project-master\dataset\IMG\robocam_2017_05_29_10_32_26_920.jpg,0,0,0,1.354945,118.3987,49.92249,359.7499,23.87048,359.6764
C:\Users\Daniel\Documents\Documents\RoboND\Project_1\RoboND-Rover-Project\RoboND-Rover-Project-master\dataset\IMG\robocam_2017_05_29_10_32_26_985.jpg,0,0,0,1.348757,118.4729,49.95542,359.7656,23.87167,359.6991
C:\Users\Daniel\Documents\Documents\RoboND\Project_1\RoboND-Rover-Project\RoboND-Rover-Project-master\dataset\IMG\robocam_2017_05_29_10_32_27_053.jpg,0,0,0,1.344204,118.5714,49.99905,359.7799,23.8717,359.7342
C:\Users\Daniel\Documents\Documents\RoboND\Project_1\RoboND-Rover-Project\RoboND-Rover-Project-master\dataset\IMG\robocam_2017_05_29_10_32_27_118.jpg,0,0,0,1.33967,118.645,50.0316,359.7861,23.87167,359.7641
C:\Users\Daniel\Documents\Documents\RoboND\Project_1\RoboND-Rover-Project\RoboND-Rover-Project-master\dataset\IMG\robocam_2017_05_29_10_32_27_190.jpg,0,0,0,1.333649,118.7182,50.064,359.7886,23.87164,359.796
C:\Users\Daniel\Documents\Documents\RoboND\Project_1\RoboND-Rover-Project\RoboND-Rover-Project-master\dataset\IMG\robocam_2017_05_29_10_32_27_257.jpg,0,0,0,1.329147,118.8153,50.10699,359.7869,23.8716,359.8404
C:\Users\Daniel\Documents\Documents\RoboND\Project_1\RoboND-Rover-Project\RoboND-Rover-Project-master\dataset\IMG\robocam_2017_05_29_10_32_27_323.jpg,0,0,0,1.324655,118.8878,50.13907,359.7825,23.87157,359.8741
C:\Users\Daniel\Documents\Documents\RoboND\Project_1\RoboND-Rover-Project\RoboND-Rover-Project-master\dataset\IMG\robocam_2017_05_29_10_32_27_388.jpg,0,0,0,1.318681,118.9601,50.17103,359.7758,23.87157,359.9072
C:\Users\Daniel\Documents\Documents\RoboND\Project_1\RoboND-Rover-Project\RoboND-Rover-Project-master\dataset\IMG\robocam_2017_05_29_10_32_27_457.jpg,0,0,0,1.31421,119.056,50.21344,359.7644,23.87156,359.9496
C:\Users\Daniel\Documents\Documents\RoboND\Project_1\RoboND-Rover-Project\RoboND-Rover-Project-master\dataset\IMG\robocam_2017_05_29_10_32_27_523.jpg,0,0,0,1.309748,119.1276,50.24511,359.7545,23.87157,359.9792
C:\Users\Daniel\Documents\Documents\RoboND\Project_1\RoboND-Rover-Project\RoboND-Rover-Project-master\dataset\IMG\robocam_2017_05_29_10_32_27_597.jpg,0,0,0,1.303811,119.2228,50.28715,359.7404,23.8716,0.01528652
C:\Users\Daniel\Documents\Documents\RoboND\Project_1\RoboND-Rover-Project\RoboND-Rover-Project-master\dataset\IMG\robocam_2017_05_29_10_32_27_655.jpg,0,0,0,1.299369,119.2939,50.31852,359.7322,23.87032,0.03619298
C:\Users\Daniel\Documents\Documents\RoboND\Project_1\RoboND-Rover-Project\RoboND-Rover-Project-master\dataset\IMG\robocam_2017_05_29_10_32_27_721.jpg,0,0,0,1.29479,119.3648,50.34985,359.7282,23.86962,0.05218527
C:\Users\Daniel\Documents\Documents\RoboND\Project_1\RoboND-Rover-Project\RoboND-Rover-Project-master\dataset\IMG\robocam_2017_05_29_10_32_27_789.jpg,0,0,0,1.288864,119.4355,50.38107,359.7281,23.86797,0.06167309
C:\Users\Daniel\Documents\Documents\RoboND\Project_1\RoboND-Rover-Project\RoboND-Rover-Project-master\dataset\IMG\robocam_2017_05_29_10_32_27_856.jpg,0,0,0,1.284387,119.5295,50.42259,359.7285,23.86777,0.07148946
C:\Users\Daniel\Documents\Documents\RoboND\Project_1\RoboND-Rover-Project\RoboND-Rover-Project-master\dataset\IMG\robocam_2017_05_29_10_32_27_923.jpg,0,0,0,1.279978,119.5997,50.45359,359.7329,23.86633,0.07165968
C:\Users\Daniel\Documents\Documents\RoboND\Project_1\RoboND-Rover-Project\RoboND-Rover-Project-master\dataset\IMG\robocam_2017_05_29_10_32_27_988.jpg,0,0,0.09971208,1.274099,119.6695,50.48446,359.7314,23.86628,0.07159238
C:\Users\Daniel\Documents\Documents\RoboND\Project_1\RoboND-Rover-Project\RoboND-Rover-Project-master\dataset\IMG\robocam_2017_05_29_10_32_28_087.jpg,0,0,0.2991125,1.237901,119.7783,50.53236,359.5754,23.86136,0.04941412
C:\Users\Daniel\Documents\Documents\RoboND\Project_1\RoboND-Rover-Project\RoboND-Rover-Project-master\dataset\IMG\robocam_2017_05_29_10_32_28_154.jpg,0,0,0.5950357,1.105029,119.8515,50.56432,359.1854,23.75197,359.989
C:\Users\Daniel\Documents\Documents\RoboND\Project_1\RoboND-Rover-Project\RoboND-Rover-Project-master\dataset\IMG\robocam_2017_05_29_10_32_28_224.jpg,0,0,0.7963408,0.9815513,119.8929,50.5831,358.6707,23.56502,359.9927
C:\Users\Daniel\Documents\Documents\RoboND\Project_1\RoboND-Rover-Project\RoboND-Rover-Project-master\dataset\IMG\robocam_2017_05_29_10_32_28_291.jpg,0,0,1,0.6917136,119.9212,50.59507,358.0361,23.5001,0.003209726
C:\Users\Daniel\Documents\Documents\RoboND\Project_1\RoboND-Rover-Project\RoboND-Rover-Project-master\dataset\IMG\robocam_2017_05_29_10_32_28_355.jpg,0,0,1,0.4899473,119.9421,50.60321,357.2538,23.45726,0.003615508
C:\Users\Daniel\Documents\Documents\RoboND\Project_1\RoboND-Rover-Project\RoboND-Rover-Project-master\dataset\IMG\robocam_2017_05_29_10_32_28_424.jpg,0,0,1,0.2135974,119.9425,50.6034,356.6707,23.46465,359.9893
C:\Users\Daniel\Documents\Documents\RoboND\Project_1\RoboND-Rover-Project\RoboND-Rover-Project-master\dataset\IMG\robocam_2017_05_29_10_32_28_488.jpg,0,0,0,0.09109858,119.9426,50.60346,356.3493,23.46902,0.02078878
C:\Users\Daniel\Documents\Documents\RoboND\Project_1\RoboND-Rover-Project\RoboND-Rover-Project-master\dataset\IMG\robocam_2017_05_29_10_32_28_557.jpg,0,0,0,0.01927329,119.9427,50.60361,356.4189,23.48322,0.00900943
C:\Users\Daniel\Documents\Documents\RoboND\Project_1\RoboND-Rover-Project\RoboND-Rover-Project-master\dataset\IMG\robocam_2017_05_29_10_32_28_622.jpg,0,-0.2022485,0,-0.05800867,119.9474,50.60439,356.9049,23.46273,359.9931
C:\Users\Daniel\Documents\Documents\RoboND\Project_1\RoboND-Rover-Project\RoboND-Rover-Project-master\dataset\IMG\robocam_2017_05_29_10_32_28_689.jpg,0,-0.4020791,0,-0.08477127,119.9573,50.6079,357.7884,23.5146,0.004259768
C:\Users\Daniel\Documents\Documents\RoboND\Project_1\RoboND-Rover-Project\RoboND-Rover-Project-master\dataset\IMG\robocam_2017_05_29_10_32_28_757.jpg,0,-0.6005777,0,-0.1036035,119.9743,50.61435,359.4023,23.52189,0.009844066
C:\Users\Daniel\Documents\Documents\RoboND\Project_1\RoboND-Rover-Project\RoboND-Rover-Project-master\dataset\IMG\robocam_2017_05_29_10_32_28_823.jpg,0,-0.8021304,0,-0.1669081,119.9806,50.61708,0.3914956,23.45269,0.0454175
C:\Users\Daniel\Documents\Documents\RoboND\Project_1\RoboND-Rover-Project\RoboND-Rover-Project-master\dataset\IMG\robocam_2017_05_29_10_32_28_888.jpg,0,-0.9991664,0,-0.2076254,119.979,50.61529,1.001785,23.44892,0.01027978
C:\Users\Daniel\Documents\Documents\RoboND\Project_1\RoboND-Rover-Project\RoboND-Rover-Project-master\dataset\IMG\robocam_2017_05_29_10_32_28_957.jpg,0,-0.8997842,0,-0.2522309,119.9653,50.60908,1.370366,23.38195,-0.002643772
C:\Users\Daniel\Documents\Documents\RoboND\Project_1\RoboND-Rover-Project\RoboND-Rover-Project-master\dataset\IMG\robocam_2017_05_29_10_32_29_024.jpg,0,-0.6971955,0,-0.2872756,119.9476,50.60152,1.266977,23.29375,0.006012356
C:\Users\Daniel\Documents\Documents\RoboND\Project_1\RoboND-Rover-Project\RoboND-Rover-Project-master\dataset\IMG\robocam_2017_05_29_10_32_29_090.jpg,0,-0.4926916,0,-0.3367321,119.9245,50.59102,0.9365736,23.3355,0.005864021
C:\Users\Daniel\Documents\Documents\RoboND\Project_1\RoboND-Rover-Project\RoboND-Rover-Project-master\dataset\IMG\robocam_2017_05_29_10_32_29_153.jpg,0,-0.2990618,0,-0.3471439,119.8912,50.57658,0.4677239,23.46045,0.03046589
C:\Users\Daniel\Documents\Documents\RoboND\Project_1\RoboND-Rover-Project\RoboND-Rover-Project-master\dataset\IMG\robocam_2017_05_29_10_32_29_223.jpg,0,-0.1036081,0,-0.3661643,119.8656,50.56552,0.1214322,23.30717,0.04811677
C:\Users\Daniel\Documents\Documents\RoboND\Project_1\RoboND-Rover-Project\RoboND-Rover-Project-master\dataset\IMG\robocam_2017_05_29_10_32_29_290.jpg,0,0,0,-0.3665132,119.8404,50.55461,359.8048,23.28328,0.06245473
C:\Users\Daniel\Documents\Documents\RoboND\Project_1\RoboND-Rover-Project\RoboND-Rover-Project-master\dataset\IMG\robocam_2017_05_29_10_32_29_355.jpg,0,0,0,-0.3656145,119.808,50.54053,359.4594,23.27978,0.07064135
C:\Users\Daniel\Documents\Documents\RoboND\Project_1\RoboND-Rover-Project\RoboND-Rover-Project-master\dataset\IMG\robocam_2017_05_29_10_32_29_421.jpg,0,0,0,-0.3653216,119.7851,50.53045,359.2827,23.27333,0.0523467
C:\Users\Daniel\Documents\Documents\RoboND\Project_1\RoboND-Rover-Project\RoboND-Rover-Project-master\dataset\IMG\robocam_2017_05_29_10_32_29_489.jpg,0,0,0,-0.3649808,119.7632,50.52084,359.1632,23.26907,0.02711594
